dev,seq,hint,threads,time,workGB,tlb,readGB,CPUwork
/dev/md127,1,0,20,1.01078,6.24456,0,57.2434,3831
/dev/md127,1,0,20,2.02163,6.79059,3,57.5695,3776
/dev/md127,1,0,20,3.0325,6.82031,0,57.6429,3807
/dev/md127,1,0,20,4.04339,6.93156,0,57.163,3807
/dev/md127,1,0,20,5.05416,6.69784,2,57.5428,3807
/dev/md127,1,0,20,6.06512,6.76927,1,57.6434,3807
/dev/md127,1,0,20,7.07602,6.86241,1,57.6251,3807
/dev/md127,1,0,20,8.08689,6.84917,0,57.5229,3807
/dev/md127,1,0,20,9.10268,6.80889,0,57.7875,3825
/dev/md127,1,0,20,10.1186,6.80353,0,58.2703,3826
/dev/md127,1,0,20,11.1298,6.85254,0,57.9299,3808
/dev/md127,1,0,20,12.1456,6.75073,0,57.9001,3825
/dev/md127,1,0,20,13.1614,6.77179,0,57.9384,3826
/dev/md127,1,0,20,14.1773,6.83099,0,57.8241,3826
/dev/md127,1,0,20,15.1925,2.80048,0,50.9841,3823
/dev/md127,1,0,20,16.2078,0,0,47.8916,3825
/dev/md127,1,0,20,17.2228,0.00976562,0,45.6786,3823
/dev/md127,1,0,20,18.2384,0.0782738,59907,40.7121,3818
/dev/md127,1,0,20,19.2543,2.49868,445270,58.8803,3763
/dev/md127,1,0,20,20.2702,2.61273,458866,57.3677,3764
/dev/md127,1,0,20,21.2861,2.78816,444349,57.9682,3767
/dev/md127,1,0,20,22.3022,2.6618,448300,58.0579,3766
/dev/md127,1,0,20,23.3179,2.54218,478313,57.9573,3762
/dev/md127,1,0,20,24.3291,2.81555,440128,57.446,3750
/dev/md127,1,0,20,25.3399,2.75,445698,58.0792,3746
/dev/md127,1,0,20,26.351,2.64453,450734,57.5674,3749
/dev/md127,1,0,20,27.362,2.57617,462406,57.7578,3748
/dev/md127,1,0,20,28.373,2.53906,463118,57.8229,3748
/dev/md127,1,0,20,29.3838,2.82617,428416,57.1633,3750
/dev/md127,1,0,20,30.3946,2.52802,464752,57.1023,3746
/dev/md127,1,0,20,31.4052,2.71005,441216,58.1176,3748
/dev/md127,1,0,20,32.4162,2.53067,463201,57.7749,3747
/dev/md127,1,0,20,33.4269,2.74493,443115,57.4776,3748
/dev/md127,1,0,20,34.4379,2.63232,449734,57.7492,3748
/dev/md127,1,0,20,35.4486,2.55713,467212,57.7533,3745
/dev/md127,1,0,20,36.4594,2.92773,422640,57.9412,3750
/dev/md127,1,0,20,37.4704,2.38574,476462,57.7227,3746
/dev/md127,1,0,20,38.4813,2.84856,436504,57.6606,3750
/dev/md127,1,0,20,39.4924,2.67293,449890,57.5067,3748
/dev/md127,1,0,20,40.5031,2.46094,475207,57.5779,3745
/dev/md127,1,0,20,41.5141,2.88574,428372,57.6206,3751
/dev/md127,1,0,20,42.5251,2.42352,478281,57.7654,3745
/dev/md127,1,0,20,43.5361,2.95929,430983,57.5278,3751
/dev/md127,1,0,20,44.547,2.59375,466331,57.7013,3747
/dev/md127,1,0,20,45.5577,2.52734,465028,55.3609,3745
/dev/md127,1,0,20,46.5688,2.75098,438201,57.4993,3750
/dev/md127,1,0,20,47.5797,2.74072,442471,57.7219,3748
/dev/md127,1,0,20,48.5906,2.40652,474426,57.5651,3744
/dev/md127,1,0,20,49.6015,2.94034,425662,57.998,3752
/dev/md127,1,0,20,50.6124,2.62567,446983,57.4622,3747
/dev/md127,1,0,20,51.6236,2.37708,482669,57.6167,3745
/dev/md127,1,0,20,52.6344,2.72266,438286,55.2717,3749
/dev/md127,1,0,20,53.6456,2.88232,439244,58.0154,3751
/dev/md127,1,0,20,54.6564,2.43848,474361,57.2525,3744
/dev/md127,1,0,20,55.667,1.73932,242992,55.5539,3775
/dev/md127,1,0,20,56.6776,0,126,54.255,3806
/dev/md127,1,0,20,57.6884,0,0,56.8529,3808
/dev/md127,1,0,20,58.6991,0.0223999,669,57.8805,3806
/dev/md127,1,0,20,59.7103,1.93768,395079,57.6479,3756
/dev/md127,1,0,20,60.7213,2.76593,441979,55.9365,3748
/dev/md127,1,0,20,61.7325,2.70898,458270,55.342,3747
/dev/md127,1,0,20,62.7436,2.75146,445232,57.3268,3748
/dev/md127,1,0,20,63.7546,2.59766,471576,57.7499,3744
/dev/md127,1,0,20,64.7654,2.74298,452355,57.6156,3747
/dev/md127,1,0,20,65.7763,2.56537,468481,57.6227,3744
/dev/md127,1,0,20,66.7872,2.88696,441058,57.9011,3749
/dev/md127,1,0,20,67.7981,2.66505,458271,57.5302,3745
/dev/md127,1,0,20,68.8089,2.63555,458868,58.152,3745
/dev/md127,1,0,20,69.8199,2.67548,449823,57.664,3746
/dev/md127,1,0,20,70.8308,2.55354,469112,57.69,3745
/dev/md127,1,0,20,71.8417,2.87273,439824,55.7015,3748
/dev/md127,1,0,20,72.8527,2.44305,489463,57.247,3743
/dev/md127,1,0,20,73.8638,2.81378,442323,57.5399,3749
/dev/md127,1,0,20,74.8746,2.64258,465283,57.8926,3745
/dev/md127,1,0,20,75.8856,2.7755,437666,57.3065,3749
/dev/md127,1,0,20,76.8966,2.59248,460903,56.8994,3746
/dev/md127,1,0,20,77.9076,2.70917,439799,58.1836,3749
/dev/md127,1,0,20,78.9187,2.72852,444729,57.8661,3749
/dev/md127,1,0,20,79.9296,2.51465,466882,57.7603,3746
/dev/md127,1,0,20,80.9405,2.76416,435576,57.0637,3750
/dev/md127,1,0,20,81.9513,2.5697,464632,55.3102,3746
/dev/md127,1,0,20,82.9622,2.84973,432132,58.4139,3750
/dev/md127,1,0,20,83.973,2.64648,457169,50.574,3748
/dev/md127,1,0,20,84.9839,2.52441,463069,57.5568,3746
/dev/md127,1,0,20,85.9948,2.62695,457996,57.2678,3747
/dev/md127,1,0,20,87.0058,2.81024,438947,57.777,3750
/dev/md127,1,0,20,88.0169,2.55781,468609,57.5968,3747
/dev/md127,1,0,20,89.0277,2.82286,439699,57.3135,3750
/dev/md127,1,0,20,90.0387,2.49969,472896,57.6488,3746
/dev/md127,1,0,20,91.0494,2.84004,433430,51.9369,3750
/dev/md127,1,0,20,92.0604,2.56018,464563,57.8247,3747
/dev/md127,1,0,20,93.0716,2.70458,452459,57.7088,3749
/dev/md127,1,0,20,94.0825,2.78857,448401,57.9125,3748
/dev/md127,1,0,20,95.0935,2.55407,463636,57.9718,3746
/dev/md127,1,0,20,96.1042,1.25178,186887,57.2956,3782
/dev/md127,1,0,20,98.2228,0.0374146,549,118.204,7980
/dev/md127,1,0,20,99.2339,0.112305,17371,48.0498,3807
/dev/md127,1,0,20,100.245,2.38574,437452,48.9932,3750
/dev/md127,1,0,20,101.256,2.50732,476731,57.3741,3745
/dev/md127,1,0,20,102.267,2.89062,425864,57.782,3751
/dev/md127,1,0,20,103.278,2.55371,462882,57.6034,3745
/dev/md127,1,0,20,104.289,2.51434,466054,57.9454,3745
/dev/md127,1,0,20,105.3,2.91339,433097,58.1008,3750
/dev/md127,1,0,20,106.311,2.48682,474370,57.3862,3744
/dev/md127,1,0,20,107.322,2.82812,435007,57.6413,3749
/dev/md127,1,0,20,108.333,2.69092,451039,57.6209,3747
/dev/md127,1,0,20,109.344,2.59375,454761,57.5865,3746
/dev/md127,1,0,20,110.355,2.62128,448096,57.5089,3746
/dev/md127,1,0,20,111.365,2.67755,447907,57.3301,3747
/dev/md127,1,0,20,112.376,2.6792,448903,57.7715,3747
/dev/md127,1,0,20,113.387,2.58057,456312,57.1631,3747
/dev/md127,1,0,20,114.398,2.52441,463687,57.7393,3745
/dev/md127,1,0,20,115.409,2.84961,420614,57.7953,3751
/dev/md127,1,0,20,116.42,2.44922,470421,57.5467,3746
/dev/md127,1,0,20,117.43,2.76855,435039,57.384,3750
/dev/md127,1,0,20,118.441,2.50769,466631,57.9378,3745
/dev/md127,1,0,20,119.452,2.62317,463048,57.7128,3746
/dev/md127,1,0,20,120.463,2.92334,428440,57.6906,3750
/dev/md127,1,0,20,121.474,2.7453,444704,57.6571,3747
/dev/md127,1,0,20,122.485,2.45929,478034,57.4908,3745
/dev/md127,1,0,20,123.496,2.9035,434438,57.832,3750
/dev/md127,1,0,20,124.507,2.5163,459517,57.7188,3747
/dev/md127,1,0,20,125.518,2.64268,452081,57.3888,3747
/dev/md127,1,0,20,126.529,2.66262,460390,57.9895,3748
/dev/md127,1,0,20,127.54,2.7373,440337,57.208,3749
/dev/md127,1,0,20,128.551,2.5415,468209,57.9285,3746
/dev/md127,1,0,20,129.562,2.64325,442612,57.546,3748
/dev/md127,1,0,20,130.573,2.68288,450309,57.3708,3749
/dev/md127,1,0,20,131.584,2.67973,453398,57.6655,3748
/dev/md127,1,0,20,132.594,2.6966,451328,57.5225,3748
/dev/md127,1,0,20,133.605,2.71698,448020,57.5568,3749
/dev/md127,1,0,20,134.616,2.71191,442761,57.5007,3749
/dev/md127,1,0,20,135.627,2.59131,465402,57.5884,3746
/dev/md127,1,0,20,136.638,0.942749,152400,56.046,3787
/dev/md127,1,0,20,137.648,0.0411377,16945,47.1145,3804
/dev/md127,1,0,20,138.659,0.00976562,1217,35.3954,3806
/dev/md127,1,0,20,139.712,0.0760498,24742,0.534554,3966
/dev/md127,1,0,20,140.723,2.47374,439450,49.9462,3750
/dev/md127,1,0,20,141.734,2.53469,469060,57.8809,3746
/dev/md127,1,0,20,142.745,2.58838,464015,57.4256,3745
/dev/md127,1,0,20,143.756,2.80615,442411,57.6336,3747
/dev/md127,1,0,20,144.767,2.55371,460513,57.7057,3745
/dev/md127,1,0,20,145.778,2.77148,442339,57.393,3748
/dev/md127,1,0,20,146.789,2.48975,473317,57.6741,3745
/dev/md127,1,0,20,147.8,2.77313,422516,57.427,3751
/dev/md127,1,0,20,148.811,2.3504,435653,23.4594,3751
/dev/md127,1,0,20,149.821,2.37305,406034,2.37305,3758
/dev/md127,1,0,20,150.832,2.43115,405608,2.42182,3755
/dev/md127,1,0,20,151.842,2.30371,419689,2.29107,3755
/dev/md127,1,0,20,152.853,2.50732,391100,2.53006,3753
/dev/md127,1,0,20,153.863,2.06592,445199,2.08974,3748
/dev/md127,1,0,20,154.874,2.60388,381534,2.60547,3756
/dev/md127,1,0,20,155.884,2.26233,430507,2.2168,3749
/dev/md127,1,0,20,156.895,2.42139,399142,2.41406,3753
/dev/md127,1,0,20,157.905,2.3598,409134,2.37598,3751
/dev/md127,1,0,20,158.916,2.27319,415330,2.27246,3750
/dev/md127,1,0,20,159.926,2.49921,392474,2.49023,3753
/dev/md127,1,0,20,160.937,2.11328,433272,2.16992,3750
/dev/md127,1,0,20,161.947,2.66663,381157,2.63281,3757
/dev/md127,1,0,20,162.958,2.09863,433485,2.11328,3749
/dev/md127,1,0,20,163.968,2.49451,391745,2.48828,3755
/dev/md127,1,0,20,164.979,2.36389,408208,2.35669,3752
/dev/md127,1,0,20,165.99,2.25244,413755,2.25854,3752
/dev/md127,1,0,20,167,2.49268,389871,2.5,3753
/dev/md127,1,0,20,168.011,2.25049,423874,2.22852,3747
/dev/md127,1,0,20,169.022,2.54071,387523,2.54688,3754
/dev/md127,1,0,20,170.032,2.06287,442169,2.08472,3747
/dev/md127,1,0,20,171.043,2.57513,385651,2.56177,3755
/dev/md127,1,0,20,172.053,2.26758,422084,2.26807,3748
/dev/md127,1,0,20,173.064,2.38495,405348,2.39404,3753
/dev/md127,1,0,20,174.074,2.44611,402817,2.42188,3751
/dev/md127,1,0,20,175.085,2.29608,421196,2.27187,3750
/dev/md127,1,0,20,176.095,2.54474,386670,2.55859,3753
/dev/md127,1,0,20,177.106,2.08746,439640,2.07178,3746
/dev/md127,1,0,20,178.117,2.47986,391485,2.5376,3754
/dev/md127,1,0,20,179.127,2.29889,411771,2.30078,3749
/dev/md127,1,0,20,180.162,1.8877,297782,1.87305,3858
/dev/md127,1,0,20,182.473,0.165062,20313,0.137615,8703
/dev/md127,1,0,20,183.484,0.100422,26675,0.0859375,3804
/dev/md127,1,0,20,184.495,2.01532,425017,2.09144,3750
/dev/md127,1,0,20,185.505,2.58168,379209,2.59969,3758
/dev/md127,1,0,20,186.516,2.02472,439694,2.06287,3749
/dev/md127,1,0,20,187.526,2.50977,392508,2.50977,3754
/dev/md127,1,0,20,188.537,2.36816,407133,2.35352,3752
/dev/md127,1,0,20,189.547,2.28015,417415,2.27734,3750
/dev/md127,1,0,20,190.558,2.51624,386238,2.51172,3754
/dev/md127,1,0,20,191.568,2.11719,438303,2.11719,3747
/dev/md127,1,0,20,192.579,2.61591,383082,2.61157,3755
/dev/md127,1,0,20,193.589,2.14313,430490,2.17114,3748
/dev/md127,1,0,20,194.6,2.49829,394194,2.49658,3754
/dev/md127,1,0,20,195.61,2.31641,417824,2.31641,3752
/dev/md127,1,0,20,196.621,2.34863,412760,2.33398,3751
/dev/md127,1,0,20,197.76,2.5293,483426,2.5293,4229
/dev/md127,1,0,20,198.771,2.59277,383607,2.60742,3756
/dev/md127,1,0,20,199.781,2.26758,425082,2.23828,3751
/dev/md127,1,0,20,200.792,2.41943,404301,2.41211,3755
/dev/md127,1,0,20,201.803,2.38361,407720,2.39685,3751
/dev/md127,1,0,20,202.813,2.29871,416976,2.29846,3753
/dev/md127,1,0,20,203.824,2.56671,387636,2.56836,3754
/dev/md127,1,0,20,204.834,2.07019,443397,2.08789,3747
/dev/md127,1,0,20,205.845,2.54944,386985,2.53906,3754
/dev/md127,1,0,20,206.855,2.25732,421153,2.2793,3750
/dev/md127,1,0,20,207.866,2.38904,407327,2.39099,3752
/dev/md127,1,0,20,208.876,2.44739,404761,2.42346,3752
/dev/md127,1,0,20,209.887,2.24268,425955,2.25,3750
/dev/md127,1,1,20,1.01031,0.0820045,0,58.431,3838
/dev/md127,1,1,20,2.02088,0.0981598,0,57.7389,3798
/dev/md127,1,1,20,3.03113,0.0970764,244,58.1584,3795
/dev/md127,1,1,20,4.04169,0.0993805,95,57.6233,3797
/dev/md127,1,1,20,5.05197,0.0979233,0,57.5872,3796
/dev/md127,1,1,20,6.06251,0.0960541,0,57.986,3797
/dev/md127,1,1,20,7.07269,0.0980339,0,57.414,3796
/dev/md127,1,1,20,8.08325,0.10207,0,57.8195,3796
/dev/md127,1,1,20,9.09353,0.0966454,0,57.6916,3797
/dev/md127,1,1,20,10.1041,0.0966187,0,57.5742,3797
/dev/md127,1,1,20,11.1143,0.0977364,0,57.8663,3796
/dev/md127,1,1,20,12.1249,0.0974274,0,57.9182,3797
/dev/md127,1,1,20,13.1351,0.0974388,0,57.5398,3796
/dev/md127,1,1,20,14.1453,0.0992661,0,57.7785,3797
/dev/md127,1,1,20,15.1557,0.097374,0,58.257,3797
/dev/md127,1,1,20,16.1659,0.0960312,0,58.1583,3796
/dev/md127,1,1,20,17.1764,0.0975418,0,58.0299,3796
/dev/md127,1,1,20,18.1866,0.12817,0,57.5278,3796
/dev/md127,1,1,20,19.1971,0.122253,0,58.0154,3795
/dev/md127,1,1,20,20.2073,0.12669,0,57.9306,3795
/dev/md127,1,1,20,21.2174,0.14278,0,57.6343,3788
/dev/md127,1,1,20,22.2279,0.122272,0,57.512,3796
/dev/md127,1,1,20,23.2382,0.107147,0,57.3819,3792
/dev/md127,1,1,20,24.2482,0.100376,0,57.912,3794
/dev/md127,1,1,20,25.2587,0.102345,0,57.8355,3801
/dev/md127,1,1,20,26.269,0.0999413,0,57.8022,3796
/dev/md127,1,1,20,27.2794,0.127716,0,57.8425,3796
/dev/md127,1,1,20,28.2897,0.115025,0,57.7131,3796
/dev/md127,1,1,20,29.2998,0.10601,0,57.6681,3796
/dev/md127,1,1,20,30.3102,0.106453,0,57.9687,3795
/dev/md127,1,1,20,31.3204,0.117981,0,57.8713,3793
/dev/md127,1,1,20,32.3309,0.121277,0,57.5708,3795
/dev/md127,1,1,20,33.3412,0.103031,0,57.7291,3796
/dev/md127,1,1,20,34.3514,0.0974503,0,57.6791,3796
/dev/md127,1,1,20,35.3618,0.0991325,0,58.0113,3797
/dev/md127,1,1,20,36.372,0.0981903,2,57.6613,3796
/dev/md127,1,1,20,37.3825,0.0963249,1,58.0187,3797
/dev/md127,1,1,20,38.3927,0.0957565,0,58.0877,3796
/dev/md127,1,1,20,39.4029,0.0962868,0,58.0106,3795
/dev/md127,1,1,20,40.4133,0.0984917,0,57.7422,3797
/dev/md127,1,1,20,41.4235,0.0972633,0,57.99,3796
/dev/md127,1,1,20,42.4341,0.0977592,0,57.8175,3797
/dev/md127,1,1,20,43.4443,0.0938377,0,57.854,3796
/dev/md127,1,1,20,44.4545,0.0932312,0,57.7071,3796
/dev/md127,1,1,20,45.4649,0.0962563,0,57.78,3797
/dev/md127,1,1,20,46.4751,0.0979996,0,57.9031,3797
/dev/md127,1,1,20,47.4856,0.0940247,0,57.8162,3800
/dev/md127,1,1,20,48.4958,0.0970688,0,57.5063,3798
/dev/md127,1,1,20,49.5064,0.0945587,0,57.8852,3797
/dev/md127,1,1,20,50.5167,0.095459,0,57.5942,3796
/dev/md127,1,1,20,51.5272,0.0963478,0,58.1388,3799
/dev/md127,1,1,20,52.5375,0.0975571,0,57.4422,3797
/dev/md127,1,1,20,53.548,0.097187,0,57.9407,3797
/dev/md127,1,1,20,54.5583,0.0973206,0,57.8255,3797
/dev/md127,1,1,20,55.5688,0.0973015,0,57.8039,3797
/dev/md127,1,1,20,56.5791,0.0968742,0,57.5961,3796
/dev/md127,1,1,20,57.5896,0.0962563,0,57.9719,3798
/dev/md127,1,1,20,58.5999,0.0955544,0,57.5619,3796
/dev/md127,1,1,20,59.6104,0.0963631,0,57.6775,3797
/dev/md127,1,1,20,60.6207,0.0961876,0,58.2529,3797
/dev/md127,1,1,20,61.6308,0.0953789,0,57.9339,3796
/dev/md127,1,1,20,62.6413,0.0957146,0,57.7813,3798
/dev/md127,1,1,20,63.6515,0.0951233,0,57.5526,3798
/dev/md127,1,1,20,64.6621,0.109676,0,57.5968,3796
/dev/md127,1,1,20,65.6723,0.129597,0,57.8165,3794
/dev/md127,1,1,20,66.6827,0.130409,0,57.5406,3796
/dev/md127,1,1,20,67.693,0.124363,0,57.764,3796
/dev/md127,1,1,20,68.7031,0.139282,0,57.7595,3789
/dev/md127,1,1,20,69.7136,0.117115,0,58.0498,3796
/dev/md127,1,1,20,70.7238,0.116806,0,57.9081,3796
/dev/md127,1,1,20,71.7343,0.111469,0,57.8262,3794
/dev/md127,1,1,20,72.7447,0.0994377,0,57.9195,3796
/dev/md127,1,1,20,73.7552,0.0949135,0,57.4658,3798
/dev/md127,1,1,20,74.7654,0.102863,0,57.7116,3796
/dev/md127,1,1,20,75.7759,0.0964622,0,58.047,3800
/dev/md127,1,1,20,76.7863,0.0989151,0,57.3918,3798
/dev/md127,1,1,20,77.7968,0.0970421,0,57.838,3798
/dev/md127,1,1,20,78.807,0.0944748,0,57.6933,3800
/dev/md127,1,1,20,79.8176,0.0960846,0,57.9718,3797
/dev/md127,1,1,20,80.8279,0.0984154,0,57.8036,3797
/dev/md127,1,1,20,81.8384,0.0975952,0,58.1032,3798
/dev/md127,1,1,20,82.8487,0.0961266,0,57.6132,3797
/dev/md127,1,1,20,83.8588,0.0932045,0,57.8303,3797
/dev/md127,1,1,20,84.8693,0.0950813,0,57.5503,3797
/dev/md127,1,1,20,85.8795,0.0966492,0,57.6242,3796
/dev/md127,1,1,20,86.89,0.0981407,0,57.7041,3798
/dev/md127,1,1,20,87.9002,0.0990486,0,58.1271,3796
/dev/md127,1,1,20,88.9107,0.0981674,0,57.3531,3797
/dev/md127,1,1,20,89.921,0.0962143,0,57.8678,3797
/dev/md127,1,1,20,90.9315,0.0979118,0,57.7897,3797
/dev/md127,1,1,20,91.9419,0.106953,0,57.8229,3796
/dev/md127,1,1,20,92.9524,0.121246,0,57.8774,3797
/dev/md127,1,1,20,93.9626,0.0977402,0,58.1449,3796
/dev/md127,1,1,20,94.9728,0.0956764,0,57.8823,3796
/dev/md127,1,1,20,95.9833,0.0976944,0,57.7923,3797
/dev/md127,1,1,20,96.9934,0.0958443,0,57.4946,3796
/dev/md127,1,1,20,98.004,0.096714,0,57.8622,3798
/dev/md127,1,1,20,99.0142,0.0975952,0,58.0013,3797
/dev/md127,1,1,20,100.025,0.0946083,0,57.4188,3798
/dev/md127,1,1,20,101.035,0.0981903,0,57.7609,3797
/dev/md127,1,1,20,102.046,0.0988388,0,57.9788,3797
/dev/md127,1,1,20,103.056,0.0982933,0,58.0027,3800
/dev/md127,1,1,20,104.066,0.0993881,0,57.8719,3797
/dev/md127,1,1,20,105.077,0.0953636,0,57.8148,3796
/dev/md127,1,1,20,106.087,0.0949287,0,57.7906,3797
/dev/md127,1,1,20,107.098,0.0942345,0,58.0767,3797
/dev/md127,1,1,20,108.108,0.0974655,0,57.6423,3797
/dev/md127,1,1,20,109.118,0.0999947,0,57.5994,3796
/dev/md127,1,1,20,110.129,0.097538,0,57.6772,3798
/dev/md127,1,1,20,111.139,0.0975876,0,57.6507,3796
/dev/md127,1,1,20,112.15,0.0951576,0,57.7716,3797
/dev/md127,1,1,20,113.16,0.0940399,0,57.8539,3797
/dev/md127,1,1,20,114.17,0.0945358,0,57.9461,3798
/dev/md127,1,1,20,115.181,0.0970612,0,57.6235,3796
/dev/md127,1,1,20,116.191,0.0960426,0,57.7436,3798
/dev/md127,1,1,20,117.202,0.0944901,0,58.1117,3797
/dev/md127,1,1,20,118.212,0.096096,0,57.7623,3797
/dev/md127,1,1,20,119.222,0.0988731,0,57.8327,3797
/dev/md127,1,1,20,120.233,0.0982513,0,57.8977,3798
/dev/md127,1,1,20,121.243,0.100368,0,57.6235,3796
/dev/md127,1,1,20,122.254,0.0982895,0,58.0174,3798
/dev/md127,1,1,20,123.264,0.0944862,0,57.5459,3796
/dev/md127,1,1,20,124.274,0.0938873,0,58.0326,3798
/dev/md127,1,1,20,125.285,0.0938072,0,57.6249,3797
/dev/md127,1,1,20,126.295,0.0948715,0,58.0418,3801
/dev/md127,1,1,20,127.306,0.0927124,0,57.5642,3798
/dev/md127,1,1,20,128.316,0.0956688,0,57.5676,3798
/dev/md127,1,1,20,129.326,0.0963287,0,57.7815,3796
/dev/md127,1,1,20,130.337,0.0943451,0,57.6376,3800
/dev/md127,1,1,20,131.347,0.0952988,0,57.6987,3797
/dev/md127,1,1,20,132.358,0.0966949,0,57.7853,3798
/dev/md127,1,1,20,133.368,0.097599,0,57.7614,3796
/dev/md127,1,1,20,134.379,0.0989799,0,57.741,3798
/dev/md127,1,1,20,135.389,0.095932,0,57.9099,3796
/dev/md127,1,1,20,136.399,0.096756,0,57.7259,3798
/dev/md127,1,1,20,137.41,0.096981,0,57.7996,3797
/dev/md127,1,1,20,138.42,0.103676,0,57.7278,3796
/dev/md127,1,1,20,139.43,0.0987358,0,57.8546,3797
/dev/md127,1,1,20,140.441,0.0944061,0,57.8046,3796
/dev/md127,1,1,20,141.451,0.101643,0,57.4195,3797
/dev/md127,1,1,20,142.461,0.0986443,0,57.965,3796
/dev/md127,1,1,20,143.472,0.132614,11,55.8799,3795
/dev/md127,1,1,20,144.482,1.05296,29,1.06061,3772
/dev/md127,1,1,20,145.492,1.05404,0,1.05408,3804
/dev/md127,1,1,20,146.502,1.05618,0,1.05615,3804
/dev/md127,1,1,20,147.512,1.0545,0,1.05448,3805
/dev/md127,1,1,20,148.522,1.05637,0,1.05643,3804
/dev/md127,1,1,20,149.531,1.05798,0,1.05791,3805
/dev/md127,1,1,20,150.542,1.06044,0,1.06045,3806
/dev/md127,1,1,20,151.552,1.05855,0,1.05856,3805
/dev/md127,1,1,20,152.562,1.06081,0,1.06083,3805
/dev/md127,1,1,20,153.572,1.05488,0,1.05487,3805
/dev/md127,1,1,20,154.582,1.05032,0,1.05029,3805
/dev/md127,1,1,20,155.592,1.05876,0,1.05876,3803
/dev/md127,1,1,20,156.603,1.05719,0,1.0572,3805
/dev/md127,1,1,20,157.612,1.05831,0,1.05832,3804
/dev/md127,1,1,20,158.622,1.05468,0,1.0547,3804
/dev/md127,1,1,20,159.632,1.05534,0,1.05533,3804
/dev/md127,1,1,20,160.642,1.05868,0,1.05869,3804
/dev/md127,1,1,20,161.652,1.05698,0,1.05695,3804
/dev/md127,1,1,20,162.662,1.05689,0,1.05687,3805
/dev/md127,1,1,20,163.672,1.05771,0,1.05772,3804
/dev/md127,1,1,20,164.682,1.05743,0,1.05744,3805
/dev/md127,1,1,20,165.692,1.05769,0,1.05768,3805
/dev/md127,1,1,20,166.702,1.05387,0,1.05388,3805
/dev/md127,1,1,20,167.713,1.05524,0,1.05519,3805
/dev/md127,1,1,20,168.723,1.05424,0,1.05424,3805
/dev/md127,1,1,20,169.733,1.06018,0,1.0602,3804
/dev/md127,1,1,20,170.743,1.08369,0,1.08371,3805
/dev/md127,1,1,20,171.753,1.10275,0,1.10272,3805
/dev/md127,1,1,20,172.763,1.07198,0,1.07194,3805
/dev/md127,1,1,20,173.773,1.05204,0,1.05207,3805
/dev/md127,1,1,20,174.783,1.05211,0,1.05215,3805
/dev/md127,1,1,20,175.793,1.05494,0,1.05493,3805
/dev/md127,1,1,20,176.804,1.05663,0,1.05662,3805
/dev/md127,1,1,20,177.814,1.05156,0,1.0516,3805
/dev/md127,1,1,20,178.823,1.05484,0,1.05486,3804
/dev/md127,1,1,20,179.833,1.05087,0,1.05087,3804
/dev/md127,1,1,20,180.843,1.05076,0,1.05074,3804
/dev/md127,1,1,20,181.853,1.05038,0,1.05042,3804
/dev/md127,1,1,20,182.863,1.05113,0,1.05111,3804
/dev/md127,1,1,20,183.873,1.05061,0,1.05066,3804
/dev/md127,1,1,20,184.883,1.05247,0,1.05241,3805
/dev/md127,1,1,20,185.893,1.04755,0,1.04755,3804
/dev/md127,1,1,20,186.903,1.04671,0,1.0467,3804
/dev/md127,1,1,20,187.912,1.05071,10992,1.05074,3790
/dev/md127,1,1,20,188.922,1.05618,0,1.05621,3804
/dev/md127,1,1,20,189.932,1.05036,0,1.05035,3804
/dev/md127,1,1,20,190.942,1.05502,0,1.05497,3803
/dev/md127,1,1,20,191.952,1.05433,0,1.05439,3805
/dev/md127,1,1,20,192.962,1.05714,0,1.0571,3804
/dev/md127,1,1,20,193.972,1.05279,0,1.0528,3804
/dev/md127,1,1,20,194.982,1.04942,0,1.04943,3805
/dev/md127,1,1,20,195.992,1.04389,0,1.04393,3804
/dev/md127,1,1,20,197.002,1.0512,0,1.05121,3804
/dev/md127,1,1,20,198.012,1.05028,0,1.05026,3805
/dev/md127,1,1,20,199.021,1.05585,0,1.05583,3804
/dev/md127,1,1,20,200.031,1.05231,0,1.05231,3804
/dev/md127,1,1,20,201.041,1.05422,0,1.05423,3804
/dev/md127,1,1,20,202.051,1.0499,0,1.0499,3805
/dev/md127,1,1,20,203.061,1.05337,0,1.05338,3804
/dev/md127,1,1,20,204.071,1.05259,0,1.05257,3805
/dev/md127,1,1,20,205.081,1.05476,0,1.05477,3804
/dev/md127,1,1,20,206.091,1.04881,0,1.0488,3804
/dev/md127,1,1,20,207.101,1.05253,0,1.05256,3804
/dev/md127,1,1,20,208.111,1.04969,0,1.04967,3804
/dev/md127,1,1,20,209.121,1.04725,0,1.04728,3804
/dev/md127,1,2,20,1.01,6.87458,0,6.87501,3845
/dev/md127,1,2,20,2.0202,6.87542,0,6.875,3808
/dev/md127,1,2,20,3.03046,6.91406,0,6.91406,3808
/dev/md127,1,2,20,4.04061,6.89453,0,6.89453,3808
/dev/md127,1,2,20,5.05071,6.83045,0,6.83826,3808
/dev/md127,1,2,20,6.06081,6.86096,0,6.85316,3808
/dev/md127,1,2,20,7.07109,6.91406,0,6.91406,3809
/dev/md127,1,2,20,8.08131,6.91406,0,6.91406,3808
/dev/md127,1,2,20,9.09148,6.86196,0,6.86572,3808
/dev/md127,1,2,20,10.1018,6.80991,0,6.80615,3809
/dev/md127,1,2,20,11.1121,6.91406,0,6.91406,3808
/dev/md127,1,2,20,12.1223,6.83398,0,6.83398,3809
/dev/md127,1,2,20,13.1326,6.83789,0,6.83789,3808
/dev/md127,1,2,20,14.1428,6.81964,0,6.82605,3808
/dev/md127,1,2,20,15.153,4.23331,279943,4.23132,3771
/dev/md127,1,2,20,16.1634,2.5914,455392,2.59436,3747
/dev/md127,1,2,20,17.1736,2.60564,455919,2.59827,3748
/dev/md127,1,2,20,18.1838,2.6911,451651,2.69519,3748
/dev/md127,1,2,20,19.1947,2.74921,469265,2.75403,3750
/dev/md127,1,2,20,20.2052,2.68468,460951,2.67578,3748
/dev/md127,1,2,20,21.2156,2.56836,486865,2.56862,3746
/dev/md127,1,2,20,22.2263,2.65625,476664,2.65625,3748
/dev/md127,1,2,20,23.237,2.63953,461563,2.64648,3749
/dev/md127,1,2,20,24.2474,2.64453,460573,2.65625,3748
/dev/md127,1,2,20,25.2578,2.70196,460413,2.6875,3748
/dev/md127,1,2,20,26.268,2.69366,460149,2.68945,3748
/dev/md127,1,2,20,27.2783,2.74928,452291,2.75235,3749
/dev/md127,1,2,20,28.2885,2.82494,444346,2.82187,3749
/dev/md127,1,2,20,29.2987,2.68945,461515,2.68945,3747
/dev/md127,1,2,20,30.3093,2.5957,489064,2.5957,3745
/dev/md127,1,2,20,31.3199,2.58594,486980,2.58594,3745
/dev/md127,1,2,20,32.3302,2.75,461402,2.75,3746
/dev/md127,1,2,20,33.3403,2.77111,452201,2.77502,3747
/dev/md127,1,2,20,34.3508,2.84998,460049,2.84607,3749
/dev/md127,1,2,20,35.3612,2.5957,486414,2.5957,3743
/dev/md127,1,2,20,36.3716,2.625,483918,2.625,3744
/dev/md127,1,2,20,37.3817,2.82019,448441,2.82544,3746
/dev/md127,1,2,20,38.3923,2.86188,459659,2.86011,3748
/dev/md127,1,2,20,39.4027,2.58746,473741,2.58398,3746
/dev/md127,1,2,20,40.4132,2.60352,472746,2.60352,3746
/dev/md127,1,2,20,41.4236,2.6543,472123,2.6543,3746
/dev/md127,1,2,20,42.4341,2.68359,472253,2.68359,3747
/dev/md127,1,2,20,43.4442,2.74414,466080,2.74707,3746
/dev/md127,1,2,20,44.4542,2.81055,448584,2.80762,3748
/dev/md127,1,2,20,45.4647,2.74067,457652,2.75,3747
/dev/md127,1,2,20,46.475,2.59723,481996,2.58789,3746
/dev/md127,1,2,20,47.4856,2.66406,454585,2.66406,3747
/dev/md127,1,2,20,48.4959,2.62934,471199,2.63672,3746
/dev/md127,1,2,20,49.5064,2.61719,483416,2.61719,3747
/dev/md127,1,2,20,50.5167,2.8797,454652,2.87458,3749
/dev/md127,1,2,20,51.5272,2.75854,459080,2.75628,3747
/dev/md127,1,2,20,52.5377,2.65039,468454,2.65039,3746
/dev/md127,1,2,20,53.5481,2.62305,486957,2.62305,3745
/dev/md127,1,2,20,54.5588,2.60242,474712,2.61719,3747
/dev/md127,1,2,20,55.5691,2.66711,469701,2.6532,3744
/dev/md127,1,2,20,56.5792,2.76172,461066,2.76086,3746
/dev/md127,1,2,20,57.5895,2.66297,456039,2.67273,3746
/dev/md127,1,2,20,58.5996,2.67883,464129,2.66907,3745
/dev/md127,1,2,20,59.6098,2.87305,451735,2.87683,3749
/dev/md127,1,2,20,60.6204,2.67578,477238,2.672,3746
/dev/md127,1,2,20,61.6309,2.67188,456083,2.67188,3747
/dev/md127,1,2,20,62.6414,2.67383,455203,2.67383,3747
/dev/md127,1,2,20,63.6517,2.61523,482530,2.61523,3745
/dev/md127,1,2,20,64.6622,2.55664,477263,2.55664,3745
/dev/md127,1,2,20,65.6725,2.66059,445511,2.66406,3745
/dev/md127,1,2,20,66.6827,2.62066,460057,2.61719,3746
/dev/md127,1,2,20,67.693,2.78519,454751,2.79053,3747
/dev/md127,1,2,20,68.7031,2.66402,453797,2.65869,3746
/dev/md127,1,2,20,69.7133,2.65625,453793,2.65625,3746
/dev/md127,1,2,20,70.724,2.78711,451525,2.78711,3749
/dev/md127,1,2,20,71.7347,2.59613,472666,2.60547,3745
/dev/md127,1,2,20,72.7449,2.67926,478473,2.66992,3744
/dev/md127,1,2,20,73.7554,2.64648,442918,2.64648,3747
/dev/md127,1,2,20,74.7659,2.63477,458191,2.63477,3746
/dev/md127,1,2,20,75.7766,2.61523,446256,2.61523,3747
/dev/md127,1,2,20,76.7872,2.64648,457736,2.64648,3747
/dev/md127,1,2,20,77.7976,2.60004,483207,2.60528,3744
/dev/md127,1,2,20,78.808,2.7381,463501,2.73591,3748
/dev/md127,1,2,20,79.8182,2.69311,449607,2.69007,3747
/dev/md127,1,2,20,80.8286,2.60193,453216,2.60535,3746
/dev/md127,1,2,20,81.8389,2.49377,456492,2.49036,3744
/dev/md127,1,2,20,82.8491,2.70312,453708,2.70312,3747
/dev/md127,1,2,20,83.8594,2.50646,456596,2.50867,3745
/dev/md127,1,2,20,84.8695,2.84315,446974,2.84094,3748
/dev/md127,1,2,20,85.8799,2.52289,452294,2.52832,3746
/dev/md127,1,2,20,86.8902,2.79351,446230,2.78809,3748
/dev/md127,1,2,20,87.9004,2.60547,457460,2.60993,3744
/dev/md127,1,2,20,88.9108,2.54303,452614,2.54785,3745
/dev/md127,1,2,20,89.921,2.46417,460392,2.46191,3743
/dev/md127,1,2,20,90.9312,2.86584,446669,2.86328,3748
/dev/md127,1,2,20,91.9419,2.61176,454620,2.61523,3748
/dev/md127,1,2,20,92.9526,2.64844,478835,2.64722,3746
/dev/md127,1,2,20,93.963,2.56445,467587,2.56567,3745
/dev/md127,1,2,20,94.9735,2.65973,481882,2.65625,3746
/dev/md127,1,2,20,95.9837,2.74023,455375,2.74414,3747
/dev/md127,1,2,20,96.9942,2.57294,452818,2.57205,3747
/dev/md127,1,2,20,98.0044,2.69854,454038,2.69553,3746
/dev/md127,1,2,20,99.0146,2.56836,452936,2.56836,3746
/dev/md127,1,2,20,100.025,2.87695,457525,2.87695,3748
/dev/md127,1,2,20,101.036,2.52821,477859,2.54688,3745
/dev/md127,1,2,20,102.046,2.64215,455549,2.63086,3746
/dev/md127,1,2,20,103.057,2.53711,444851,2.53906,3747
/dev/md127,1,2,20,104.068,2.6734,458901,2.66406,3747
/dev/md127,1,2,20,105.078,2.56836,452229,2.56836,3746
/dev/md127,1,2,20,106.089,2.65625,462432,2.65625,3747
/dev/md127,1,2,20,107.099,2.56445,468855,2.56445,3747
/dev/md127,1,2,20,108.11,2.64692,446195,2.6543,3748
/dev/md127,1,2,20,109.121,2.60395,461096,2.62135,3746
/dev/md127,1,2,20,110.131,2.90734,448862,2.88257,3748
/dev/md127,1,2,20,111.141,2.55859,454970,2.55859,3746
/dev/md127,1,2,20,112.151,2.72461,452040,2.72461,3747
/dev/md127,1,2,20,113.162,2.75043,467555,2.75195,3749
/dev/md127,1,2,20,114.173,2.56793,461889,2.56641,3747
/dev/md127,1,2,20,115.184,2.63477,473132,2.63477,3746
/dev/md127,1,2,20,116.194,2.62305,477570,2.62305,3745
/dev/md127,1,2,20,117.204,2.82617,448550,2.82617,3747
/dev/md127,1,2,20,118.214,2.78906,452334,2.78906,3746
/dev/md127,1,2,20,119.225,2.67231,457882,2.67578,3747
/dev/md127,1,2,20,120.236,2.58984,479884,2.5957,3746
/dev/md127,1,2,20,121.246,2.63672,464147,2.63477,3748
/dev/md127,1,2,20,122.257,2.5816,485548,2.57422,3745
/dev/md127,1,2,20,123.268,2.95209,449858,2.95312,3749
/dev/md127,1,2,20,124.278,2.46392,454229,2.46301,3745
/dev/md127,1,2,20,125.288,2.79218,452291,2.80176,3747
/dev/md127,1,2,20,126.299,2.66094,465536,2.65125,3746
/dev/md127,1,2,20,127.31,2.64062,482288,2.64062,3746
/dev/md127,1,2,20,128.32,2.60352,475353,2.60352,3745
/dev/md127,1,2,20,129.331,2.63813,469816,2.64404,3747
/dev/md127,1,2,20,130.341,2.68958,456105,2.69156,3747
/dev/md127,1,2,20,131.352,2.65667,455450,2.65063,3746
/dev/md127,1,2,20,132.362,2.92188,453320,2.92004,3747
/dev/md127,1,2,20,133.373,2.68555,455066,2.68555,3747
/dev/md127,1,2,20,134.383,2.59809,456812,2.60352,3747
/dev/md127,1,2,20,135.394,2.60113,471490,2.5957,3745
/dev/md127,1,2,20,136.404,2.52148,495156,2.52148,3743
/dev/md127,1,2,20,137.415,2.95312,445212,2.95312,3748
/dev/md127,1,2,20,138.425,2.73481,450555,2.73633,3747
/dev/md127,1,2,20,139.436,2.61871,477248,2.61719,3745
/dev/md127,1,2,20,140.446,2.57812,467362,2.57812,3746
/dev/md127,1,2,20,141.457,2.56205,479401,2.56982,3744
/dev/md127,1,2,20,142.467,2.77388,447706,2.76611,3748
/dev/md127,1,2,20,143.478,2.80469,448023,2.80469,3748
/dev/md127,1,2,20,144.488,2.65625,461637,2.65625,3746
/dev/md127,1,2,20,145.499,2.56641,468454,2.56641,3745
/dev/md127,1,2,20,146.509,2.57812,471648,2.57812,3745
/dev/md127,1,2,20,147.52,2.63715,465327,2.64258,3744
/dev/md127,1,2,20,148.53,2.61285,467860,2.60742,3745
/dev/md127,1,2,20,149.541,2.625,449883,2.625,3747
/dev/md127,1,2,20,150.551,2.68359,461722,2.68359,3746
/dev/md127,1,2,20,151.562,2.74219,449658,2.74219,3746
/dev/md127,1,2,20,152.572,2.47083,456183,2.47473,3744
/dev/md127,1,2,20,153.582,2.62097,449095,2.61707,3745
/dev/md127,1,2,20,154.593,2.70117,453766,2.70129,3745
/dev/md127,1,2,20,155.603,2.87305,442645,2.87292,3749
/dev/md127,1,2,20,156.613,2.58594,473333,2.58594,3745
/dev/md127,1,2,20,157.624,2.5766,488222,2.57813,3744
/dev/md127,1,2,20,158.634,2.79254,447198,2.79102,3748
/dev/md127,1,2,20,159.645,2.68555,449381,2.68555,3747
/dev/md127,1,2,20,160.655,2.66406,469478,2.66406,3746
/dev/md127,1,2,20,161.666,2.56836,451237,2.56836,3747
/dev/md127,1,2,20,162.676,2.61328,474340,2.61328,3747
/dev/md127,1,2,20,163.687,2.57422,458500,2.57422,3746
/dev/md127,1,2,20,164.697,2.6023,452236,2.60648,3745
/dev/md127,1,2,20,165.707,2.73552,445426,2.73129,3747
/dev/md127,1,2,20,166.718,2.81062,450273,2.81067,3748
/dev/md127,1,2,20,167.728,2.65234,466212,2.65234,3745
/dev/md127,1,2,20,168.739,2.55121,466163,2.55859,3745
/dev/md127,1,2,20,169.749,2.59332,470906,2.58594,3744
/dev/md127,1,2,20,170.76,2.64648,451821,2.64648,3746
/dev/md127,1,2,20,171.771,2.61328,446780,2.61328,3749
/dev/md127,1,2,20,172.781,2.64258,470325,2.64258,3745
/dev/md127,1,2,20,173.791,2.66992,444994,2.66992,3743
/dev/md127,1,2,20,174.801,2.61523,444957,2.61536,3744
/dev/md127,1,2,20,175.812,2.63672,452913,2.63757,3744
/dev/md127,1,2,20,176.822,2.77344,442002,2.77576,3746
/dev/md127,1,2,20,177.832,2.52734,481333,2.52405,3744
/dev/md127,1,2,20,178.843,2.59766,465669,2.59766,3746
/dev/md127,1,2,20,179.853,2.82022,461582,2.82397,3746
/dev/md127,1,2,20,180.864,2.77157,465938,2.76782,3747
/dev/md127,1,2,20,181.875,2.50586,478511,2.50586,3746
/dev/md127,1,2,20,182.886,2.56836,468858,2.56836,3745
/dev/md127,1,2,20,183.896,2.72461,448633,2.72717,3748
/dev/md127,1,2,20,184.907,2.69922,445439,2.69666,3746
/dev/md127,1,2,20,185.917,2.77582,460449,2.7793,3747
/dev/md127,1,2,20,186.928,2.56207,464999,2.55859,3747
/dev/md127,1,2,20,187.939,2.56641,469221,2.56641,3746
/dev/md127,1,2,20,188.949,2.57812,456466,2.57812,3747
/dev/md127,1,2,20,189.96,2.63477,438861,2.63477,3748
/dev/md127,1,2,20,190.971,2.60785,465980,2.61328,3747
/dev/md127,1,2,20,191.982,2.55414,456237,2.54883,3746
/dev/md127,1,2,20,192.992,2.59864,434950,2.60742,3747
/dev/md127,1,2,20,194.003,2.77221,471237,2.76578,3744
/dev/md127,1,2,20,195.013,2.79724,439646,2.79635,3746
/dev/md127,1,2,20,196.023,2.64453,448074,2.64294,3744
/dev/md127,1,2,20,197.034,2.56098,445506,2.56641,3744
/dev/md127,1,2,20,198.044,2.62152,463463,2.63477,3744
/dev/md127,1,2,20,199.055,2.63824,449417,2.625,3747
/dev/md127,1,2,20,200.066,2.49176,484975,2.48633,3743
/dev/md127,1,2,20,201.076,2.80078,463513,2.80078,3746
/dev/md127,1,2,20,202.086,2.68945,443368,2.68945,3746
/dev/md127,1,2,20,203.097,2.76081,456225,2.78235,3746
/dev/md127,1,2,20,204.107,2.6029,456179,2.58289,3746
/dev/md127,1,2,20,205.118,2.58746,481794,2.58594,3745
/dev/md127,1,2,20,206.129,2.56836,468523,2.56836,3745
/dev/md127,1,2,20,207.14,2.59766,453514,2.59766,3747
/dev/md127,1,2,20,208.15,2.60742,462566,2.60742,3746
/dev/md127,1,2,20,209.161,2.62695,449272,2.62695,3748
/blk/s2,1,0,20,1.01002,6.64734,0,6.58447,3843
/blk/s2,1,0,20,2.01997,6.57804,0,6.57849,3805
/blk/s2,1,0,20,3.03,6.58992,0,6.58972,3806
/blk/s2,1,0,20,4.03983,6.58801,0,6.58813,3805
/blk/s2,1,0,20,5.04969,6.58231,0,6.58215,3804
/blk/s2,1,0,20,6.05957,6.57809,0,6.57837,3805
/blk/s2,1,0,20,7.06944,6.57671,0,6.57666,3805
/blk/s2,1,0,20,8.07934,6.57735,0,6.57715,3806
/blk/s2,1,0,20,9.0893,6.58008,0,6.58008,3805
/blk/s2,1,0,20,10.0992,6.57727,0,6.57751,3805
/blk/s2,1,0,20,11.1091,6.58752,0,6.58765,3805
/blk/s2,1,0,20,12.119,6.57861,0,6.57788,3805
/blk/s2,1,0,20,13.129,6.58337,0,6.58398,3806
/blk/s2,1,0,20,14.139,6.58459,0,6.58459,3805
/blk/s2,1,0,20,15.1489,6.55603,0,6.55676,3805
/blk/s2,1,0,20,18.9044,0.23056,820,0.229027,14157
/blk/s2,1,0,20,19.9149,2.57925,532619,2.58093,3735
/blk/s2,1,0,20,20.9252,2.71411,462585,2.71448,3744
/blk/s2,1,0,20,21.9354,2.69763,460742,2.69775,3744
/blk/s2,1,0,20,22.9454,2.70334,460664,2.70312,3743
/blk/s2,1,0,20,23.9552,2.71558,460908,2.71545,3744
/blk/s2,1,0,20,25.0879,2.73465,557119,2.73523,4196
/blk/s2,1,0,20,26.0978,2.70914,460981,2.70874,3745
/blk/s2,1,0,20,27.1081,2.61459,455727,2.6167,3745
/blk/s2,1,0,20,28.1182,2.66492,456384,2.66492,3745
/blk/s2,1,0,20,29.1284,2.66052,456351,2.66052,3747
/blk/s2,1,0,20,30.1387,2.66345,451043,2.66345,3745
/blk/s2,1,0,20,31.1489,2.63916,455826,2.63916,3746
/blk/s2,1,0,20,32.1592,2.66577,454662,2.66577,3746
/blk/s2,1,0,20,33.1696,2.65698,464088,2.65698,3746
/blk/s2,1,0,20,34.1799,2.65894,463331,2.65894,3745
/blk/s2,1,0,20,35.1901,2.66223,440171,2.66223,3747
/blk/s2,1,0,20,36.2004,2.63309,466428,2.63318,3745
/blk/s2,1,0,20,37.2107,2.68295,446700,2.68286,3747
/blk/s2,1,0,20,38.2211,2.65869,441341,2.65869,3747
/blk/s2,1,0,20,39.2314,2.66077,465303,2.66077,3744
/blk/s2,1,0,20,40.2417,2.69006,456306,2.69006,3746
/blk/s2,1,0,20,41.2519,2.6311,466636,2.6311,3745
/blk/s2,1,0,20,42.262,2.66263,459508,2.66272,3746
/blk/s2,1,0,20,43.2721,2.6312,466425,2.6311,3744
/blk/s2,1,0,20,44.2821,2.65942,464626,2.65942,3745
/blk/s2,1,0,20,45.2924,2.66309,457994,2.66309,3747
/blk/s2,1,0,20,46.3025,2.62695,464463,2.62695,3746
/blk/s2,1,0,20,47.3126,2.65771,452819,2.65771,3747
/blk/s2,1,0,20,48.3227,2.65869,440876,2.65869,3748
/blk/s2,1,0,20,49.333,2.63977,467115,2.63977,3745
/blk/s2,1,0,20,50.3431,2.62,469709,2.62,3745
/blk/s2,1,0,20,51.3531,2.66943,452502,2.66943,3746
/blk/s2,1,0,20,52.3632,2.62097,445910,2.62097,3744
/blk/s2,1,0,20,53.3733,2.6084,463084,2.6084,3745
/blk/s2,1,0,20,54.3836,2.65454,448962,2.65454,3747
/blk/s2,1,0,20,55.3938,2.65063,451128,2.65063,3747
/blk/s2,1,0,20,56.4039,2.54456,460790,2.54456,3745
/blk/s2,1,0,20,57.414,0.322998,31987,0.322998,3804
/blk/s2,1,0,20,58.424,0,0,0,3808
/blk/s2,1,0,20,59.4339,0,0,0,3808
/blk/s2,1,0,20,60.4443,0.37915,116757,0.379486,3792
/blk/s2,1,0,20,61.4545,2.58911,459948,2.58936,3745
/blk/s2,1,0,20,62.465,2.61414,435149,2.61414,3747
/blk/s2,1,0,20,63.4753,2.62646,458411,2.62646,3745
/blk/s2,1,0,20,64.4857,2.6532,456895,2.6532,3745
/blk/s2,1,0,20,65.496,2.62952,456948,2.62952,3744
/blk/s2,1,0,20,66.5063,2.65881,453056,2.65881,3745
/blk/s2,1,0,20,67.5167,2.66162,462474,2.6615,3744
/blk/s2,1,0,20,68.5269,2.61682,447115,2.61694,3744
/blk/s2,1,0,20,69.5375,2.65527,452973,2.65527,3745
/blk/s2,1,0,20,70.5475,2.65149,446902,2.6488,3744
/blk/s2,1,0,20,71.5574,2.47754,460357,2.47803,3741
/blk/s2,1,0,20,72.5674,2.6283,457995,2.62805,3742
/blk/s2,1,0,20,73.5773,2.51575,457013,2.51587,3742
/blk/s2,1,0,20,74.5871,2.70898,454288,2.70911,3744
/blk/s2,1,0,20,75.5969,2.54651,456917,2.54675,3741
/blk/s2,1,0,20,76.607,2.4978,448394,2.49976,3744
/blk/s2,1,0,20,77.6172,2.65808,453749,2.65808,3745
/blk/s2,1,0,20,78.6274,2.67371,450501,2.67371,3746
/blk/s2,1,0,20,79.6376,2.67175,458389,2.67175,3744
/blk/s2,1,0,20,80.6476,2.67224,462533,2.67224,3743
/blk/s2,1,0,20,81.6577,2.60181,460070,2.60181,3743
/blk/s2,1,0,20,82.6679,2.62216,456219,2.62207,3747
/blk/s2,1,0,20,83.6782,2.65408,449793,2.65417,3748
/blk/s2,1,0,20,84.6883,2.64636,451884,2.64636,3744
/blk/s2,1,0,20,85.6986,2.66895,440727,2.66895,3746
/blk/s2,1,0,20,86.7087,2.64771,454632,2.64771,3744
/blk/s2,1,0,20,87.7188,2.64673,450862,2.64673,3743
/blk/s2,1,0,20,88.7289,2.64746,463190,2.64747,3743
/blk/s2,1,0,20,89.7391,2.64478,454124,2.64478,3744
/blk/s2,1,0,20,90.7493,2.64709,463328,2.64709,3743
/blk/s2,1,0,20,91.7592,2.64291,431014,2.64087,3746
/blk/s2,1,0,20,92.7692,2.5961,457678,2.5957,3742
/blk/s2,1,0,20,93.779,2.63367,453614,2.63391,3744
/blk/s2,1,0,20,94.7889,2.54211,457224,2.54187,3742
/blk/s2,1,0,20,95.7987,2.56543,461522,2.56616,3742
/blk/s2,1,0,20,96.8085,2.52258,456816,2.52209,3743
/blk/s2,1,0,20,97.8184,2.59924,456258,2.59937,3743
/blk/s2,1,0,20,101.847,0.880371,97032,0.880371,15173
/blk/s2,1,0,20,102.858,2.32959,510837,2.32944,3740
/blk/s2,1,0,20,103.868,2.70288,458542,2.70312,3746
/blk/s2,1,0,20,104.878,2.75671,454649,2.7572,3746
/blk/s2,1,0,20,105.888,2.73591,458819,2.73572,3744
/blk/s2,1,0,20,106.898,2.65481,453378,2.65515,3743
/blk/s2,1,0,20,107.908,2.69717,458495,2.69702,3743
/blk/s2,1,0,20,108.918,2.71887,459953,2.72095,3744
/blk/s2,1,0,20,109.928,2.61401,463281,2.61401,3743
/blk/s2,1,0,20,110.938,2.61725,470257,2.61707,3743
/blk/s2,1,0,20,111.948,2.61703,459159,2.61731,3743
/blk/s2,1,0,20,112.958,2.64841,465678,2.64832,3744
/blk/s2,1,0,20,113.969,2.67615,463904,2.67615,3741
/blk/s2,1,0,20,114.979,2.60278,473633,2.60278,3742
/blk/s2,1,0,20,115.989,2.63623,473603,2.63623,3742
/blk/s2,1,0,20,116.999,2.67615,468701,2.67407,3743
/blk/s2,1,0,20,118.009,2.64359,458153,2.64355,3743
/blk/s2,1,0,20,119.019,2.69637,462618,2.69642,3741
/blk/s2,1,0,20,120.029,2.76001,459053,2.76013,3742
/blk/s2,1,0,20,121.039,2.73572,457110,2.73547,3742
/blk/s2,1,0,20,122.049,2.68077,451852,2.68091,3743
/blk/s2,1,0,20,123.059,2.74602,456805,2.74573,3745
/blk/s2,1,0,20,124.069,2.68015,463336,2.6825,3744
/blk/s2,1,0,20,125.079,2.63879,471639,2.63879,3743
/blk/s2,1,0,20,126.089,2.63736,459348,2.63745,3743
/blk/s2,1,0,20,127.1,2.6373,472490,2.63721,3743
/blk/s2,1,0,20,128.11,2.61084,465907,2.61084,3743
/blk/s2,1,0,20,129.12,2.63806,472380,2.63806,3741
/blk/s2,1,0,20,130.131,2.62585,461025,2.62341,3743
/blk/s2,1,0,20,131.14,2.73361,456646,2.73401,3743
/blk/s2,1,0,20,132.15,2.68506,455723,2.68518,3743
/blk/s2,1,0,20,133.16,2.73367,456629,2.73352,3743
/blk/s2,1,0,20,134.17,2.69751,456313,2.69763,3743
/blk/s2,1,0,20,135.18,2.76672,456917,2.76611,3742
/blk/s2,1,0,20,136.19,2.67334,466869,2.6759,3742
/blk/s2,1,0,20,137.2,2.63,463471,2.63,3742
/blk/s2,1,0,20,138.21,2.60571,469582,2.60571,3741
/blk/s2,1,0,20,142.598,1.83923,285882,1.83728,16500
/blk/s2,1,0,20,143.609,2.53751,437350,2.53745,3748
/blk/s2,1,0,20,144.619,2.62762,459823,2.62744,3744
/blk/s2,1,0,20,145.629,2.64948,455917,2.6499,3744
/blk/s2,1,0,20,146.639,2.63266,459217,2.63501,3743
/blk/s2,1,0,20,147.65,2.63306,470884,2.63306,3744
/blk/s2,1,0,20,148.66,2.63074,471282,2.63074,3742
/blk/s2,1,0,20,149.67,2.64233,467959,2.64221,3743
/blk/s2,1,0,20,150.68,2.59045,472709,2.59058,3742
/blk/s2,1,0,20,151.69,2.60742,457886,2.60742,3743
/blk/s2,1,0,20,152.7,2.63638,469114,2.6344,3742
/blk/s2,1,0,20,153.71,2.65414,451619,2.6543,3742
/blk/s2,1,0,20,154.72,2.57178,453773,2.57361,3744
/blk/s2,1,0,20,155.731,2.63098,456166,2.63098,3744
/blk/s2,1,0,20,156.741,2.6022,449420,2.60229,3745
/blk/s2,1,0,20,157.751,2.68896,459509,2.6864,3742
/blk/s2,1,0,20,158.761,2.63279,455769,2.63318,3741
/blk/s2,1,0,20,159.771,2.74664,456361,2.74658,3742
/blk/s2,1,0,20,160.78,2.72479,456491,2.72498,3743
/blk/s2,1,0,20,161.79,2.71985,456464,2.71948,3742
/blk/s2,1,0,20,162.8,2.70593,456360,2.70557,3743
/blk/s2,1,0,20,163.81,2.6731,455698,2.67383,3742
/blk/s2,1,0,20,164.82,2.67212,460057,2.672,3742
/blk/s2,1,0,20,165.83,2.63904,465830,2.64111,3743
/blk/s2,1,0,20,166.84,2.62579,468516,2.62561,3742
/blk/s2,1,0,20,167.851,2.62445,470636,2.62463,3742
/blk/s2,1,0,20,168.861,2.62549,459317,2.62549,3743
/blk/s2,1,0,20,169.871,2.6283,468979,2.6283,3742
/blk/s2,1,0,20,170.881,2.62244,455421,2.62244,3743
/blk/s2,1,0,20,171.891,2.63062,466879,2.63062,3741
/blk/s2,1,0,20,172.902,2.62585,465951,2.62585,3744
/blk/s2,1,0,20,173.912,2.672,461891,2.67004,3743
/blk/s2,1,0,20,174.922,2.69019,449767,2.68994,3743
/blk/s2,1,0,20,175.932,2.5668,461555,2.56689,3742
/blk/s2,1,0,20,176.942,2.65842,453883,2.65784,3743
/blk/s2,1,0,20,177.952,2.60901,449070,2.61366,3744
/blk/s2,1,0,20,178.962,2.66382,449563,2.66418,3746
/blk/s2,1,0,20,180.058,2.25634,335153,2.25621,4085
/blk/s2,1,0,20,181.068,0.0498047,271,0.0518799,3808
/blk/s2,1,0,20,182.077,0,21,0,3808
/blk/s2,1,0,20,183.087,0,0,0,3808
/blk/s2,1,0,20,184.097,1.61732,355203,1.61546,3759
/blk/s2,1,0,20,185.107,2.67834,454006,2.67871,3745
/blk/s2,1,0,20,186.117,2.68259,454068,2.68237,3747
/blk/s2,1,0,20,187.127,2.64127,468005,2.64355,3745
/blk/s2,1,0,20,188.137,2.62134,445631,2.62134,3747
/blk/s2,1,0,20,189.147,2.6228,467621,2.6228,3744
/blk/s2,1,0,20,190.157,2.64905,467239,2.64905,3742
/blk/s2,1,0,20,191.168,2.61511,448014,2.61511,3744
/blk/s2,1,0,20,192.178,2.62061,463617,2.62061,3742
/blk/s2,1,0,20,193.188,2.64685,464813,2.64685,3743
/blk/s2,1,0,20,194.198,2.64307,458228,2.64307,3742
/blk/s2,1,0,20,195.208,2.61523,472266,2.61523,3741
/blk/s2,1,0,20,196.218,2.61768,452006,2.61768,3744
/blk/s2,1,0,20,197.228,2.61987,446392,2.61987,3744
/blk/s2,1,0,20,198.239,2.61841,460385,2.61841,3742
/blk/s2,1,0,20,199.248,2.65637,465516,2.65405,3742
/blk/s2,1,0,20,200.258,2.6095,461796,2.60962,3742
/blk/s2,1,0,20,201.268,2.76764,454813,2.76733,3743
/blk/s2,1,0,20,202.278,2.73346,450178,2.73364,3744
/blk/s2,1,0,20,203.288,2.78638,450186,2.78674,3744
/blk/s2,1,0,20,204.298,2.56885,463933,2.5708,3744
/blk/s2,1,0,20,205.308,2.61682,461701,2.61682,3743
/blk/s2,1,0,20,206.318,2.61926,474721,2.61926,3742
/blk/s2,1,0,20,207.329,2.61963,471554,2.61963,3741
/blk/s2,1,0,20,208.339,2.6344,474071,2.63245,3742
/blk/s2,1,0,20,209.349,2.78458,454869,2.78442,3744
/blk/s2,1,1,20,1.00992,0.970104,0,0.960407,3841
/blk/s2,1,1,20,2.01973,0.970127,0,0.970119,3804
/blk/s2,1,1,20,3.02957,0.98914,0,0.989136,3803
/blk/s2,1,1,20,4.0395,1.00805,0,1.00807,3804
/blk/s2,1,1,20,5.04935,0.999832,0,0.999821,3804
/blk/s2,1,1,20,6.05924,1.00198,0,1.00197,3804
/blk/s2,1,1,20,7.06919,1.00187,0,1.00187,3804
/blk/s2,1,1,20,8.07922,1.00071,0,1.00071,3804
/blk/s2,1,1,20,9.08901,1.00328,0,1.00329,3804
/blk/s2,1,1,20,10.0989,1.00596,0,1.00597,3804
/blk/s2,1,1,20,11.1087,0.999168,0,0.999153,3803
/blk/s2,1,1,20,12.1187,0.995968,0,0.995972,3804
/blk/s2,1,1,20,13.1286,1.00175,0,1.00177,3804
/blk/s2,1,1,20,14.1385,1.01068,0,1.01067,3804
/blk/s2,1,1,20,15.1484,1.00217,0,1.00217,3804
/blk/s2,1,1,20,16.1583,0.996254,0,0.996239,3804
/blk/s2,1,1,20,17.1682,0.990337,0,0.990353,3803
/blk/s2,1,1,20,18.1782,0.998657,0,0.998665,3804
/blk/s2,1,1,20,19.1881,0.997101,0,0.997108,3804
/blk/s2,1,1,20,20.198,0.998276,0,0.998272,3804
/blk/s2,1,1,20,21.2078,1.00626,0,1.00627,3804
/blk/s2,1,1,20,22.2178,0.989452,0,0.98946,3804
/blk/s2,1,1,20,23.2276,0.994144,0,0.994141,3804
/blk/s2,1,1,20,24.2375,1.00327,0,1.00326,3803
/blk/s2,1,1,20,25.2475,1.00512,0,1.00511,3805
/blk/s2,1,1,20,26.2574,1.00613,0,1.00613,3804
/blk/s2,1,1,20,27.2673,1.01085,0,1.01089,3803
/blk/s2,1,1,20,28.2773,1.00538,0,1.00537,3805
/blk/s2,1,1,20,29.2872,0.996571,0,0.996536,3804
/blk/s2,1,1,20,30.297,0.995735,0,0.995754,3803
/blk/s2,1,1,20,31.3069,0.998695,0,0.998711,3804
/blk/s2,1,1,20,32.3168,1.001,0,1.00098,3804
/blk/s2,1,1,20,33.3267,1.00242,0,1.00244,3804
/blk/s2,1,1,20,34.3366,0.995037,0,0.995022,3804
/blk/s2,1,1,20,35.3465,0.992111,0,0.992115,3804
/blk/s2,1,1,20,36.3564,0.99865,0,0.998669,3804
/blk/s2,1,1,20,37.3663,0.996723,0,0.996712,3803
/blk/s2,1,1,20,38.3763,1.0039,0,1.0039,3804
/blk/s2,1,1,20,39.3862,1.00395,0,1.00393,3804
/blk/s2,1,1,20,40.3962,1.0043,0,1.00431,3804
/blk/s2,1,1,20,41.406,0.994701,0,0.994701,3804
/blk/s2,1,1,20,42.4159,0.993687,0,0.993671,3803
/blk/s2,1,1,20,43.4258,1.00388,0,1.00388,3804
/blk/s2,1,1,20,44.4357,1.00259,0,1.00259,3804
/blk/s2,1,1,20,45.4456,1.00878,0,1.00877,3803
/blk/s2,1,1,20,46.4555,1.00067,0,1.00069,3804
/blk/s2,1,1,20,47.4655,1.00303,0,1.00303,3804
/blk/s2,1,1,20,48.4754,1.00002,0,1.00002,3804
/blk/s2,1,1,20,49.4852,1.00365,0,1.00365,3803
/blk/s2,1,1,20,50.4952,1.00728,0,1.00727,3804
/blk/s2,1,1,20,51.5051,1.00711,0,1.00712,3803
/blk/s2,1,1,20,52.515,1.0026,0,1.00259,3804
/blk/s2,1,1,20,53.5248,1.00349,0,1.00352,3804
/blk/s2,1,1,20,54.5347,1.00404,0,1.00402,3803
/blk/s2,1,1,20,55.5446,1.00302,0,1.00302,3804
/blk/s2,1,1,20,56.5546,1.0023,0,1.00231,3803
/blk/s2,1,1,20,57.5645,0.999897,0,0.999901,3804
/blk/s2,1,1,20,58.5744,0.999798,0,0.999817,3804
/blk/s2,1,1,20,59.5843,1.00331,0,1.00329,3803
/blk/s2,1,1,20,60.5941,1.00253,0,1.00253,3804
/blk/s2,1,1,20,61.6042,1.00441,0,1.00441,3804
/blk/s2,1,1,20,62.614,1.00981,0,1.0098,3803
/blk/s2,1,1,20,63.6239,0.998589,0,0.9986,3804
/blk/s2,1,1,20,64.6338,0.994835,0,0.994846,3803
/blk/s2,1,1,20,65.6437,0.994663,0,0.994648,3804
/blk/s2,1,1,20,66.6536,0.999237,0,0.999226,3803
/blk/s2,1,1,20,67.6636,1.00587,0,1.00589,3805
/blk/s2,1,1,20,68.6735,1.00087,0,1.00087,3803
/blk/s2,1,1,20,69.6833,1.00798,0,1.008,3804
/blk/s2,1,1,20,70.6933,1.01591,0,1.01591,3803
/blk/s2,1,1,20,71.7032,1.0055,0,1.0055,3804
/blk/s2,1,1,20,72.7131,1.01125,0,1.01124,3804
/blk/s2,1,1,20,73.723,1.01483,0,1.01485,3804
/blk/s2,1,1,20,74.7328,1.012,0,1.01196,3804
/blk/s2,1,1,20,75.7427,1.00493,0,1.00496,3803
/blk/s2,1,1,20,76.7527,0.998775,0,0.998775,3804
/blk/s2,1,1,20,77.7626,0.995518,0,0.995506,3804
/blk/s2,1,1,20,78.7725,1.0079,0,1.0079,3804
/blk/s2,1,1,20,79.7825,1.01105,0,1.01105,3804
/blk/s2,1,1,20,80.7923,1.0094,0,1.0094,3803
/blk/s2,1,1,20,81.8022,1.01248,0,1.01249,3804
/blk/s2,1,1,20,82.8122,1.01295,0,1.01295,3804
/blk/s2,1,1,20,83.822,1.00379,0,1.00379,3804
/blk/s2,1,1,20,84.832,1.00652,0,1.00652,3804
/blk/s2,1,1,20,85.8419,0.998829,0,0.998825,3804
/blk/s2,1,1,20,86.8517,1.00341,0,1.00341,3804
/blk/s2,1,1,20,87.8617,1.00246,0,1.00246,3804
/blk/s2,1,1,20,88.8716,1.0028,0,1.00279,3804
/blk/s2,1,1,20,89.8815,1.0061,0,1.00612,3804
/blk/s2,1,1,20,90.8914,1.00637,0,1.00637,3804
/blk/s2,1,1,20,91.9013,1.01486,0,1.01486,3804
/blk/s2,1,1,20,92.9112,1.00466,0,1.00467,3803
/blk/s2,1,1,20,93.9211,0.986706,0,0.986687,3804
/blk/s2,1,1,20,94.9311,1.00063,0,1.00063,3804
/blk/s2,1,1,20,95.941,1.00763,0,1.00765,3804
/blk/s2,1,1,20,96.9508,1.00529,0,1.00528,3804
/blk/s2,1,1,20,100.501,0.151379,621,0.151318,13382
/blk/s2,1,1,20,101.511,0.969852,45648,0.969933,3715
/blk/s2,1,1,20,102.521,0.989567,12883,0.989552,3779
/blk/s2,1,1,20,103.53,0.995975,15190,0.995983,3774
/blk/s2,1,1,20,104.54,0.98518,27906,0.985184,3747
/blk/s2,1,1,20,105.55,0.985821,24808,0.985809,3755
/blk/s2,1,1,20,106.56,0.992752,6749,0.992767,3791
/blk/s2,1,1,20,107.57,0.992775,24856,0.992764,3754
/blk/s2,1,1,20,108.58,0.990871,26879,0.990887,3751
/blk/s2,1,1,20,109.59,0.998711,7479,0.998695,3790
/blk/s2,1,1,20,110.6,0.991074,21530,0.991085,3761
/blk/s2,1,1,20,111.609,0.98452,28127,0.984524,3747
/blk/s2,1,1,20,112.619,1.00024,8052,1.00023,3789
/blk/s2,1,1,20,113.629,0.992821,20265,0.992828,3763
/blk/s2,1,1,20,114.639,0.985363,27818,0.985352,3748
/blk/s2,1,1,20,115.649,0.996326,10336,0.996323,3784
/blk/s2,1,1,20,116.659,0.990746,17347,0.990746,3769
/blk/s2,1,1,20,117.669,0.988483,27827,0.988495,3748
/blk/s2,1,1,20,118.679,0.993008,12111,0.993,3780
/blk/s2,1,1,20,119.689,0.990288,15998,0.99028,3772
/blk/s2,1,1,20,120.698,0.99366,27991,0.993664,3748
/blk/s2,1,1,20,121.709,0.992191,14899,0.992203,3775
/blk/s2,1,1,20,122.718,0.989376,13140,0.989357,3777
/blk/s2,1,1,20,123.728,0.978271,27798,0.978291,3748
/blk/s2,1,1,20,124.738,0.991814,16274,0.991817,3773
/blk/s2,1,1,20,125.748,0.994747,11865,0.994732,3779
/blk/s2,1,1,20,126.758,0.992527,27900,0.992535,3748
/blk/s2,1,1,20,127.768,0.97998,18921,0.979988,3767
/blk/s2,1,1,20,128.778,0.985813,8414,0.985802,3786
/blk/s2,1,1,20,129.787,0.979076,27905,0.979076,3747
/blk/s2,1,1,20,130.798,0.993629,20049,0.993637,3765
/blk/s2,1,1,20,131.807,0.99411,8117,0.99411,3787
/blk/s2,1,1,20,132.817,0.988182,27780,0.988182,3749
/blk/s2,1,1,20,133.827,0.985695,21809,0.98568,3761
/blk/s2,1,1,20,134.837,1.00418,7178,1.00418,3790
/blk/s2,1,1,20,135.847,0.988667,27394,0.988678,3749
/blk/s2,1,1,20,136.857,0.992577,24259,0.992565,3757
/blk/s2,1,1,20,137.867,1.00652,7844,1.00653,3789
/blk/s2,1,1,20,138.877,0.998318,24712,0.998318,3754
/blk/s2,1,1,20,139.887,0.99131,27881,0.991306,3749
/blk/s2,1,1,20,140.897,1.00324,7157,1.00306,3791
/blk/s2,1,1,20,141.907,0.986706,21143,0.9869,3761
/blk/s2,1,1,20,142.917,0.988968,28044,0.988968,3747
/blk/s2,1,1,20,143.927,0.998589,9187,0.998585,3786
/blk/s2,1,1,20,144.936,0.988167,19040,0.988174,3765
/blk/s2,1,1,20,145.946,0.982265,27877,0.982258,3748
/blk/s2,1,1,20,146.956,0.998238,11101,0.998234,3783
/blk/s2,1,1,20,147.966,0.992699,48636,0.99271,3719
/blk/s2,1,1,20,148.976,0.988457,28810,0.988438,3747
/blk/s2,1,1,20,149.986,0.995655,13634,0.995659,3777
/blk/s2,1,1,20,150.996,0.997868,14411,0.997868,3775
/blk/s2,1,1,20,152.005,0.989349,27795,0.989368,3748
/blk/s2,1,1,20,153.015,0.999016,16920,0.999004,3771
/blk/s2,1,1,20,154.025,1.0065,10885,1.0065,3782
/blk/s2,1,1,20,155.035,0.985882,28004,0.985867,3748
/blk/s2,1,1,20,156.045,0.996387,19739,0.996384,3765
/blk/s2,1,1,20,157.055,0.993526,8485,0.99353,3787
/blk/s2,1,1,20,158.065,0.982857,27741,0.982857,3748
/blk/s2,1,1,20,159.075,0.99411,21966,0.99411,3761
/blk/s2,1,1,20,160.085,1.0015,7543,1.0015,3789
/blk/s2,1,1,20,161.095,0.986454,26686,0.986473,3751
/blk/s2,1,1,20,162.105,0.991032,24825,0.991009,3755
/blk/s2,1,1,20,163.115,0.992542,6931,0.99255,3789
/blk/s2,1,1,20,164.125,0.990269,24321,0.990269,3756
/blk/s2,1,1,20,165.135,0.989166,27302,0.989162,3750
/blk/s2,1,1,20,166.144,0.987648,6311,0.98764,3791
/blk/s2,1,1,20,167.154,0.976223,21976,0.976219,3759
/blk/s2,1,1,20,168.164,0.977768,27968,0.977791,3747
/blk/s2,1,1,20,169.174,0.993134,7060,0.99313,3790
/blk/s2,1,1,20,170.184,0.989731,20987,0.989727,3761
/blk/s2,1,1,20,171.194,0.979626,27947,0.97963,3748
/blk/s2,1,1,20,172.204,0.981026,8807,0.981045,3787
/blk/s2,1,1,20,173.213,0.985382,19251,0.985363,3765
/blk/s2,1,1,20,174.223,0.98452,27958,0.98452,3748
/blk/s2,1,1,20,175.233,0.99601,11087,0.996002,3783
/blk/s2,1,1,20,176.243,0.978462,16719,0.978474,3770
/blk/s2,1,1,20,177.253,0.976768,27798,0.976749,3748
/blk/s2,1,1,20,178.263,0.99474,12225,0.994762,3780
/blk/s2,1,1,20,179.273,0.998993,15967,0.998985,3771
/blk/s2,1,1,20,180.283,0.985016,28045,0.985004,3748
/blk/s2,1,1,20,181.293,0.995384,14854,0.99538,3775
/blk/s2,1,1,20,182.303,1,13641,1.00001,3777
/blk/s2,1,1,20,183.312,0.99017,27781,0.990181,3749
/blk/s2,1,1,20,184.322,0.984482,17716,0.984478,3768
/blk/s2,1,1,20,185.332,0.987213,10133,0.987209,3784
/blk/s2,1,1,20,186.342,0.987667,27675,0.987659,3749
/blk/s2,1,1,20,187.352,0.985619,19498,0.985615,3766
/blk/s2,1,1,20,188.362,0.999496,8190,0.999512,3787
/blk/s2,1,1,20,189.372,0.986374,28107,0.986382,3748
/blk/s2,1,1,20,190.382,0.980118,22438,0.980118,3759
/blk/s2,1,1,20,191.392,1.00196,5877,1.00195,3793
/blk/s2,1,1,20,192.402,0.981205,26906,0.981213,3750
/blk/s2,1,1,20,193.412,0.985497,24222,0.985485,3756
/blk/s2,1,1,20,194.422,0.999817,7003,0.999817,3791
/blk/s2,1,1,20,195.431,0.983482,24999,0.983494,3753
/blk/s2,1,1,20,196.441,0.991409,26770,0.991405,3752
/blk/s2,1,1,20,197.452,1.0005,8242,1.00047,3788
/blk/s2,1,1,20,199.93,0.86211,20207,0.862072,9301
/blk/s2,1,1,20,200.94,0.0569801,1980,0.0571365,3806
/blk/s2,1,1,20,201.951,0.0360794,2849,0.0359459,3807
/blk/s2,1,1,20,202.961,0.972183,47427,0.972206,3714
/blk/s2,1,1,20,203.971,0.990211,15538,0.990234,3775
/blk/s2,1,1,20,204.982,0.977028,15266,0.977005,3759
/blk/s2,1,1,20,205.992,0.979584,27725,0.979576,3724
/blk/s2,1,1,20,207.002,0.980694,28757,0.98069,3722
/blk/s2,1,1,20,208.012,0.987591,15550,0.987595,3749
/blk/s2,1,1,20,209.022,0.989864,13380,0.989853,3760
/blk/s2,1,2,20,1.01019,6.25977,0,6.20033,3839
/blk/s2,1,2,20,2.02038,6.19641,0,6.19617,3803
/blk/s2,1,2,20,3.03069,6.21326,0,6.21375,3804
/blk/s2,1,2,20,4.04101,6.19338,0,6.19312,3805
/blk/s2,1,2,20,5.05275,6.22398,0,6.22388,3807
/blk/s2,1,2,20,6.06427,6.19531,0,6.19531,3810
/blk/s2,1,2,20,7.07571,6.21997,0,6.21997,3810
/blk/s2,1,2,20,8.08745,6.23745,0,6.2373,3811
/blk/s2,1,2,20,9.099,6.18784,0,6.18774,3807
/blk/s2,1,2,20,10.1105,6.20361,0,6.2041,3807
/blk/s2,1,2,20,11.1221,6.22571,0,6.22534,3808
/blk/s2,1,2,20,12.1336,6.21777,0,6.21777,3808
/blk/s2,1,2,20,13.1452,6.1958,0,6.19568,3810
/blk/s2,1,2,20,14.1566,6.16549,0,6.16565,3808
/blk/s2,1,2,20,15.1681,6.17594,0,6.17554,3810
/blk/s2,1,2,20,16.1839,6.00598,20621,6.00732,3820
/blk/s2,1,2,20,17.1994,2.30603,437708,2.30603,3759
/blk/s2,1,2,20,18.2118,2.75454,389875,2.75391,3760
/blk/s2,1,2,20,19.2271,2.45005,424421,2.45068,3762
/blk/s2,1,2,20,20.2396,2.45508,411320,2.45447,3753
/blk/s2,1,2,20,21.252,2.69467,379157,2.69458,3755
/blk/s2,1,2,20,22.2672,2.33072,432717,2.33142,3762
/blk/s2,1,2,20,23.2793,2.61987,400760,2.61938,3753
/blk/s2,1,2,20,24.2945,2.54419,398495,2.54468,3765
/blk/s2,1,2,20,25.3077,2.33313,438690,2.3324,3753
/blk/s2,1,2,20,26.3219,2.8269,384137,2.82764,3768
/blk/s2,1,2,20,27.337,2.27847,446390,2.27771,3762
/blk/s2,1,2,20,28.3512,2.85425,382593,2.8551,3765
/blk/s2,1,2,20,29.3662,2.29319,452979,2.2926,3760
/blk/s2,1,2,20,30.3785,2.76697,375808,2.7666,3757
/blk/s2,1,2,20,31.3937,2.41382,424309,2.41467,3762
/blk/s2,1,2,20,32.4059,2.49252,413130,2.4917,3752
/blk/s2,1,2,20,33.4211,2.66911,390166,2.66992,3766
/blk/s2,1,2,20,34.4316,2.30117,446913,2.30127,3742
/blk/s2,1,2,20,35.4417,2.79624,381414,2.79565,3747
/blk/s2,1,2,20,36.4522,2.42908,420109,2.42957,3747
/blk/s2,1,2,20,37.4622,2.65076,410077,2.65063,3743
/blk/s2,1,2,20,38.4725,2.51528,398675,2.5155,3747
/blk/s2,1,2,20,39.483,2.29881,438078,2.29761,3745
/blk/s2,1,2,20,40.4931,2.84448,378063,2.84558,3751
/blk/s2,1,2,20,41.5034,2.27478,445117,2.27478,3744
/blk/s2,1,2,20,42.5133,2.54099,393861,2.54028,3747
/blk/s2,1,2,20,43.5231,2.67113,378973,2.67163,3748
/blk/s2,1,2,20,44.5332,2.32304,442577,2.32324,3733
/blk/s2,1,2,20,45.5431,2.76443,386977,2.76404,3733
/blk/s2,1,2,20,46.5533,2.32029,436106,2.32068,3727
/blk/s2,1,2,20,47.5632,2.52405,400509,2.52332,3732
/blk/s2,1,2,20,48.5733,2.67004,388474,2.67078,3733
/blk/s2,1,2,20,49.5836,2.33547,434791,2.33557,3728
/blk/s2,1,2,20,50.5935,2.59556,397709,2.59509,3731
/blk/s2,1,2,20,51.6039,2.54102,402445,2.54138,3732
/blk/s2,1,2,20,52.6138,2.40942,435024,2.40906,3728
/blk/s2,1,2,20,53.6237,2.70227,375063,2.70178,3735
/blk/s2,1,2,20,54.6338,2.33511,430237,2.33606,3728
/blk/s2,1,2,20,55.6438,2.59031,402573,2.5896,3731
/blk/s2,1,2,20,56.6541,2.56555,399680,2.56616,3734
/blk/s2,1,2,20,57.6645,2.29568,434930,2.29578,3727
/blk/s2,1,2,20,58.6744,2.73936,377899,2.73877,3733
/blk/s2,1,2,20,59.6846,2.39478,417891,2.39526,3729
/blk/s2,1,2,20,60.6946,2.38418,417994,2.38367,3728
/blk/s2,1,2,20,61.7047,2.79307,393122,2.79358,3734
/blk/s2,1,2,20,62.7148,2.28271,441135,2.28259,3742
/blk/s2,1,2,20,63.7246,2.82568,376744,2.82532,3734
/blk/s2,1,2,20,64.7346,2.31487,433875,2.31555,3725
/blk/s2,1,2,20,65.7444,2.65559,399749,2.65479,3730
/blk/s2,1,2,20,66.7545,2.50146,392217,2.50208,3744
/blk/s2,1,2,20,67.7646,2.29541,428261,2.29541,3742
/blk/s2,1,2,20,68.7745,2.67456,385429,2.67395,3747
/blk/s2,1,2,20,69.7848,2.45312,420590,2.45374,3744
/blk/s2,1,2,20,70.7947,2.56873,409851,2.56848,3744
/blk/s2,1,2,20,71.8049,2.53125,419747,2.53149,3745
/blk/s2,1,2,20,72.8148,2.6134,406708,2.6127,3745
/blk/s2,1,2,20,73.825,2.50747,417337,2.5083,3744
/blk/s2,1,2,20,74.8349,2.41319,420192,2.41284,3741
/blk/s2,1,2,20,75.8454,2.77844,384785,2.77869,3750
/blk/s2,1,2,20,76.8555,2.30981,447705,2.30981,3739
/blk/s2,1,2,20,77.8653,2.72728,388882,2.72644,3743
/blk/s2,1,2,20,78.8755,2.47438,401531,2.47522,3743
/blk/s2,1,2,20,79.8853,2.39673,431491,2.39661,3740
/blk/s2,1,2,20,80.8955,2.72632,378092,2.72644,3747
/blk/s2,1,2,20,81.9056,2.43905,453431,2.4386,3738
/blk/s2,1,2,20,82.9158,2.67365,386024,2.67419,3746
/blk/s2,1,2,20,83.9257,2.37549,439476,2.375,3738
/blk/s2,1,2,20,84.9361,2.71328,387036,2.71387,3746
/blk/s2,1,2,20,85.946,2.39412,443956,2.39319,3740
/blk/s2,1,2,20,86.9562,2.71619,392275,2.71692,3746
/blk/s2,1,2,20,87.9661,2.37964,438624,2.37891,3739
/blk/s2,1,2,20,88.9765,2.73306,381695,2.73389,3747
/blk/s2,1,2,20,89.9871,2.26365,446802,2.26355,3743
/blk/s2,1,2,20,90.9971,2.84863,376852,2.84802,3750
/blk/s2,1,2,20,92.0074,2.28271,452272,2.28333,3743
/blk/s2,1,2,20,93.0174,2.7052,386061,2.70483,3749
/blk/s2,1,2,20,94.0278,2.46362,419970,2.46399,3746
/blk/s2,1,2,20,95.0378,2.56177,414527,2.56104,3731
/blk/s2,1,2,20,96.048,2.58879,394290,2.58972,3752
/blk/s2,1,2,20,97.0584,2.3149,434888,2.31396,3744
/blk/s2,1,2,20,98.0685,2.69631,377330,2.69629,3745
/blk/s2,1,2,20,99.0787,2.43955,414616,2.44031,3744
/blk/s2,1,2,20,100.089,2.34546,425416,2.34485,3743
/blk/s2,1,2,20,101.099,2.79883,380525,2.79944,3749
/blk/s2,1,2,20,102.11,2.26052,441107,2.26062,3741
/blk/s2,1,2,20,103.12,2.76853,386547,2.7677,3744
/blk/s2,1,2,20,104.13,2.36306,432927,2.36389,3734
/blk/s2,1,2,20,105.14,2.71397,397337,2.71338,3734
/blk/s2,1,2,20,106.151,2.37451,421032,2.375,3729
/blk/s2,1,2,20,107.16,2.52779,407258,2.52722,3729
/blk/s2,1,2,20,108.17,2.58451,406401,2.58508,3731
/blk/s2,1,2,20,109.18,2.52258,424406,2.52197,3729
/blk/s2,1,2,20,110.191,2.58704,391550,2.58765,3732
/blk/s2,1,2,20,111.201,2.28762,432742,2.28772,3728
/blk/s2,1,2,20,112.211,2.70432,385470,2.70374,3734
/blk/s2,1,2,20,113.221,2.4314,416355,2.43201,3731
/blk/s2,1,2,20,114.231,2.52917,409263,2.52844,3731
/blk/s2,1,2,20,115.241,2.58826,414736,2.58887,3731
/blk/s2,1,2,20,116.251,2.59668,413637,2.59631,3731
/blk/s2,1,2,20,117.261,2.49902,411906,2.49939,3728
/blk/s2,1,2,20,118.271,2.59338,415109,2.5929,3730
/blk/s2,1,2,20,119.282,2.50427,404568,2.50476,3729
/blk/s2,1,2,20,120.292,2.33663,424640,2.33582,3724
/blk/s2,1,2,20,121.302,2.83173,385508,2.83264,3734
/blk/s2,1,2,20,122.312,2.28696,444038,2.28687,3727
/blk/s2,1,2,20,123.322,2.77546,374241,2.7749,3733
/blk/s2,1,2,20,124.332,2.32,429596,2.32056,3726
/blk/s2,1,2,20,125.342,2.63501,396283,2.63464,3731
/blk/s2,1,2,20,126.353,2.46938,410325,2.46985,3730
/blk/s2,1,2,20,127.362,2.37555,422710,2.37476,3726
/blk/s2,1,2,20,128.373,2.77506,387332,2.77576,3734
/blk/s2,1,2,20,129.383,2.4126,440374,2.41187,3724
/blk/s2,1,2,20,130.393,2.71045,382362,2.71118,3732
/blk/s2,1,2,20,131.403,2.32361,448494,2.32312,3724
/blk/s2,1,2,20,132.413,2.8125,372929,2.81213,3732
/blk/s2,1,2,20,133.423,2.26782,443585,2.26868,3723
/blk/s2,1,2,20,134.433,2.84705,383657,2.84705,3733
/blk/s2,1,2,20,135.444,2.28088,446238,2.28088,3724
/blk/s2,1,2,20,136.454,2.83093,385250,2.83093,3733
/blk/s2,1,2,20,137.464,2.33105,450516,2.33044,3723
/blk/s2,1,2,20,138.474,2.77283,379715,2.77344,3733
/blk/s2,1,2,20,139.484,2.35913,447102,2.35864,3727
/blk/s2,1,2,20,140.495,2.71399,394953,2.71448,3735
/blk/s2,1,2,20,141.505,2.28552,430995,2.28516,3727
/blk/s2,1,2,20,142.515,2.8175,382544,2.81787,3735
/blk/s2,1,2,20,143.525,2.32373,441519,2.32373,3725
/blk/s2,1,2,20,144.535,2.67566,383442,2.67505,3728
/blk/s2,1,2,20,145.545,2.47876,409242,2.47937,3728
/blk/s2,1,2,20,146.555,2.46594,420997,2.46582,3726
/blk/s2,1,2,20,147.566,2.63062,405765,2.63074,3730
/blk/s2,1,2,20,148.576,2.49902,421390,2.49854,3727
/blk/s2,1,2,20,149.586,2.59485,404926,2.59534,3731
/blk/s2,1,2,20,150.596,2.52844,421951,2.52771,3725
/blk/s2,1,2,20,151.606,2.56091,412089,2.56165,3729
/blk/s2,1,2,20,152.616,2.54531,414929,2.54492,3726
/blk/s2,1,2,20,153.626,2.54734,404216,2.54773,3744
/blk/s2,1,2,20,154.636,2.38064,420957,2.38025,3742
/blk/s2,1,2,20,155.646,2.6959,387008,2.69629,3747
/blk/s2,1,2,20,156.657,2.27637,442621,2.27637,3740
/blk/s2,1,2,20,157.667,2.79517,376403,2.7948,3748
/blk/s2,1,2,20,158.677,2.31116,429319,2.31152,3742
/blk/s2,1,2,20,159.687,2.72085,393555,2.72058,3746
/blk/s2,1,2,20,160.697,2.36855,430534,2.36902,3742
/blk/s2,1,2,20,161.707,2.5605,394989,2.55994,3745
/blk/s2,1,2,20,162.717,2.50393,405273,2.50439,3745
/blk/s2,1,2,20,163.727,2.51239,416961,2.51172,3743
/blk/s2,1,2,20,164.737,2.57255,411257,2.57312,3745
/blk/s2,1,2,20,165.747,2.51257,411719,2.51208,3743
/blk/s2,1,2,20,166.758,2.59011,422952,2.59071,3745
/blk/s2,1,2,20,167.768,2.61485,401516,2.61426,3743
/blk/s2,1,2,20,168.778,2.48513,421871,2.48572,3743
/blk/s2,1,2,20,169.788,2.60618,401392,2.60583,3742
/blk/s2,1,2,20,170.798,2.48669,422040,2.48694,3743
/blk/s2,1,2,20,171.808,2.79102,403120,2.79065,3746
/blk/s2,1,2,20,172.818,2.2886,449780,2.28906,3740
/blk/s2,1,2,20,173.828,2.81944,373997,2.81897,3745
/blk/s2,1,2,20,174.839,2.29631,447065,2.29688,3739
/blk/s2,1,2,20,175.849,2.82918,379004,2.82898,3748
/blk/s2,1,2,20,176.859,2.4303,446448,2.42957,3741
/blk/s2,1,2,20,177.869,2.61182,411548,2.61255,3746
/blk/s2,1,2,20,178.879,2.5089,411174,2.5083,3746
/blk/s2,1,2,20,179.89,2.60585,414440,2.60645,3749
/blk/s2,1,2,20,180.9,2.45605,416802,2.45557,3746
/blk/s2,1,2,20,181.91,2.69617,385381,2.69666,3750
/blk/s2,1,2,20,182.92,2.2911,440588,2.29053,3745
/blk/s2,1,2,20,183.931,2.81363,379871,2.81421,3752
/blk/s2,1,2,20,184.941,2.44946,448639,2.44897,3742
/blk/s2,1,2,20,185.951,2.63757,413671,2.63806,3745
/blk/s2,1,2,20,186.961,2.55691,410395,2.5564,3742
/blk/s2,1,2,20,187.972,2.51292,420969,2.51343,3744
/blk/s2,1,2,20,188.982,2.61462,402426,2.61401,3745
/blk/s2,1,2,20,189.992,2.47571,412247,2.47632,3745
/blk/s2,1,2,20,191.002,2.66968,411462,2.66919,3743
/blk/s2,1,2,20,192.012,2.43872,413867,2.43921,3742
/blk/s2,1,2,20,193.022,2.62219,408853,2.62146,3744
/blk/s2,1,2,20,194.033,2.45278,425793,2.45361,3744
/blk/s2,1,2,20,195.042,2.66919,393064,2.6687,3748
/blk/s2,1,2,20,196.053,2.39231,429990,2.3927,3744
/blk/s2,1,2,20,197.063,2.80624,393575,2.80566,3748
/blk/s2,1,2,20,198.073,2.26154,435932,2.26221,3743
/blk/s2,1,2,20,199.083,2.79783,386479,2.79688,3749
/blk/s2,1,2,20,200.093,2.37415,452643,2.37476,3742
/blk/s2,1,2,20,201.103,2.72021,391793,2.72046,3748
/blk/s2,1,2,20,202.113,2.43542,431705,2.4353,3742
/blk/s2,1,2,20,203.123,2.64734,391155,2.64746,3732
/blk/s2,1,2,20,204.133,2.32076,429868,2.32019,3728
/blk/s2,1,2,20,205.143,2.74384,378588,2.74451,3735
/blk/s2,1,2,20,206.153,2.35107,440824,2.35059,3727
/blk/s2,1,2,20,207.164,2.71997,393555,2.72046,3733
/blk/s2,1,2,20,208.174,2.4087,425993,2.4082,3727
/blk/s2,1,2,20,209.184,2.65585,405109,2.65625,3732
/blk/s2,0,0,100,1.01127,0.201916,0,6.35616,3885
/blk/s2,0,0,100,2.02204,0.20013,0,6.36758,3833
/blk/s2,0,0,100,3.03474,0.202183,0,6.40972,3841
/blk/s2,0,0,100,4.04591,0.202469,0,6.39412,3833
/blk/s2,0,0,100,5.05765,0.203857,0,6.40715,3838
/blk/s2,0,0,100,6.06924,0.204483,0,6.41098,3821
/blk/s2,0,0,100,7.08087,0.205589,0,6.4138,3832
/blk/s2,0,0,100,8.09275,0.206219,0,6.41209,3834
/blk/s2,0,0,100,9.10439,0.206993,0,6.41798,3834
/blk/s2,0,0,100,10.1161,0.208195,0,6.42397,3835
/blk/s2,0,0,100,11.1269,0.208385,0,6.40479,3826
/blk/s2,0,0,100,12.1385,0.210518,0,6.43439,3830
/blk/s2,0,0,100,13.1501,0.210926,0,6.43042,3834
/blk/s2,0,0,100,14.1619,0.211578,0,6.42879,3834
/blk/s2,0,0,100,15.1738,0.212181,0,6.41393,3830
/blk/s2,0,0,100,16.1858,0.0914192,0,2.75547,3866
/blk/s2,0,0,100,17.2005,0.0837975,0,2.52527,3881
/blk/s2,0,0,100,18.2154,0.0793533,0,2.39574,3880
/blk/s2,0,0,100,19.2302,0.0794449,0,2.39195,3880
/blk/s2,0,0,100,20.245,0.0802116,0,2.41727,3878
/blk/s2,0,0,100,21.2591,0.0830269,0,2.49788,3875
/blk/s2,0,0,100,22.2714,0.0925636,0,2.78471,3867
/blk/s2,0,0,100,23.282,0.091877,0,2.76273,3866
/blk/s2,0,0,100,24.2947,0.0916443,0,2.76055,3871
/blk/s2,0,0,100,25.3094,0.0813446,0,2.44913,3879
/blk/s2,0,0,100,26.3244,0.0802879,0,2.41621,3882
/blk/s2,0,0,100,27.3392,0.0803413,0,2.42176,3866
/blk/s2,0,0,100,28.3539,0.0806351,0,2.41899,3822
/blk/s2,0,0,100,29.3664,0.08424,0,2.52968,3813
/blk/s2,0,0,100,30.3802,0.0936089,0,2.81461,3819
/blk/s2,0,0,100,31.3935,0.0926132,0,2.78181,3817
/blk/s2,0,0,100,32.4072,0.09161,0,2.7459,3818
/blk/s2,0,0,100,33.4219,0.080616,0,2.4157,3822
/blk/s2,0,0,100,34.437,0.0876617,514567,2.63304,3810
/blk/s2,0,0,100,35.4518,0.0580063,1667811,1.74287,3781
/blk/s2,0,0,100,36.4654,0.0978355,1302341,2.93553,3783
/blk/s2,0,0,100,37.4806,0.0788269,1683811,2.36638,3782
/blk/s2,0,0,100,38.4944,0.0691681,1413251,2.07834,3815
/blk/s2,0,0,100,39.5094,0.107639,1228957,3.23448,3804
/blk/s2,0,0,100,40.5242,0.0595665,1705981,1.78772,3784
/blk/s2,0,0,100,41.5373,0.0995331,1240156,2.97628,3786
/blk/s2,0,0,100,42.5526,0.076828,1719827,2.30525,3785
/blk/s2,0,0,100,43.566,0.0734367,1361031,2.19587,3786
/blk/s2,0,0,100,44.5811,0.102505,1315358,3.08033,3793
/blk/s2,0,0,100,45.5959,0.0587006,1717199,1.76072,3784
/blk/s2,0,0,100,46.608,0.109482,1080939,3.28652,3787
/blk/s2,0,0,100,47.6233,0.0662727,1911888,1.99233,3781
/blk/s2,0,0,100,48.6369,0.082859,1225425,2.48529,3789
/blk/s2,0,0,100,49.6524,0.0956497,1438522,2.8759,3792
/blk/s2,0,0,100,50.6674,0.0590668,1681521,1.77888,3784
/blk/s2,0,0,100,51.6805,0.114849,1074850,3.44976,3791
/blk/s2,0,0,100,52.6956,0.0631371,1951506,1.89913,3780
/blk/s2,0,0,100,53.7081,0.0859146,1201288,2.57955,3786
/blk/s2,0,0,100,54.7232,0.0918045,1488853,2.7608,3790
/blk/s2,0,0,100,55.738,0.0592537,1639978,1.7799,3784
/blk/s2,0,0,100,57.189,0.119595,2093905,3.59837,5453
/blk/s2,0,0,100,58.2043,0.11657,1092363,3.51102,3851
/blk/s2,0,0,100,59.2193,0.0586281,1980778,1.76786,3835
/blk/s2,0,0,100,60.2332,0.0945396,1096154,2.84985,3848
/blk/s2,0,0,100,61.2483,0.0821152,1634061,2.47663,3844
/blk/s2,0,0,100,62.2618,0.0647507,1535344,1.94877,3841
/blk/s2,0,0,100,63.2768,0.107624,1092960,3.25451,3851
/blk/s2,0,0,100,64.2904,0.0814934,698277,2.45808,3828
/blk/s2,0,0,100,65.3051,0.0654755,961814,1.96868,3799
/blk/s2,0,0,100,66.3197,0.0974197,967974,2.92839,3798
/blk/s2,0,0,100,67.3348,0.097065,556898,2.92277,3809
/blk/s2,0,0,100,68.3478,0.0679932,906627,2.04198,3794
/blk/s2,0,0,100,69.3624,0.0779915,961914,2.3542,3798
/blk/s2,0,0,100,70.3775,0.0970802,906685,2.92057,3801
/blk/s2,0,0,100,71.3907,0.0895195,571325,2.6944,3802
/blk/s2,0,0,100,72.4033,0.0633011,976415,1.90795,3789
/blk/s2,0,0,100,73.4181,0.0906563,1011563,2.72545,3797
/blk/s2,0,0,100,74.4331,0.0976105,724582,2.94006,3806
/blk/s2,0,0,100,75.4458,0.0736732,883768,2.21423,3792
/blk/s2,0,0,100,76.4605,0.0737877,1099063,2.22255,3795
/blk/s2,0,0,100,77.4755,0.0985451,960537,2.96691,3799
/blk/s2,0,0,100,78.4892,0.0872536,702702,2.62517,3801
/blk/s2,0,0,100,79.5035,0.0621414,1105122,1.86475,3792
/blk/s2,0,0,100,80.5182,0.0963669,1056528,2.90524,3795
/blk/s2,0,0,100,81.5342,0.0988693,629171,2.96977,3812
/blk/s2,0,0,100,82.5478,0.0651817,1041190,1.96881,3793
/blk/s2,0,0,100,83.5626,0.0827179,1083052,2.49554,3796
/blk/s2,0,0,100,84.5776,0.098671,834176,2.97496,3803
/blk/s2,0,0,100,85.5908,0.0791817,838250,2.37844,3796
/blk/s2,0,0,100,86.6058,0.0691528,1204310,2.07926,3794
/blk/s2,0,0,100,87.6208,0.104923,966293,3.14896,3799
/blk/s2,0,0,100,88.6345,0.0615616,1277055,1.85346,3786
/blk/s2,0,0,100,89.6495,0.0987701,1230951,2.97319,3793
/blk/s2,0,0,100,90.6599,0.0779419,1002206,2.34597,3781
/blk/s2,0,0,100,91.6752,0.0826607,1477744,2.49346,3787
/blk/s2,0,0,100,92.6878,0.0935287,760743,2.80875,3795
/blk/s2,0,0,100,93.7024,0.0675545,1470095,2.03143,3786
/blk/s2,0,0,100,95.1118,0.108513,1550785,3.26307,5267
/blk/s2,0,0,100,96.1271,0.105633,1116970,3.17982,3796
/blk/s2,0,0,100,97.1398,0.0689278,1147474,2.07685,3786
/blk/s2,0,0,100,98.1548,0.0916634,1336059,2.75382,3789
/blk/s2,0,0,100,99.1671,0.0845146,920106,2.53491,3790
/blk/s2,0,0,100,100.182,0.0744743,1472446,2.2512,3785
/blk/s2,0,0,100,101.195,0.101303,836056,3.03767,3796
/blk/s2,0,0,100,102.21,0.0591202,1528089,1.77417,3784
/blk/s2,0,0,100,103.225,0.107666,957730,3.24147,3798
/blk/s2,0,0,100,104.239,0.0574722,1409721,1.72975,3785
/blk/s2,0,0,100,105.254,0.104057,1157485,3.12998,3796
/blk/s2,0,0,100,106.267,0.0706673,1186064,2.12677,3785
/blk/s2,0,0,100,107.282,0.0898666,1403007,2.70708,3789
/blk/s2,0,0,100,108.295,0.0853386,953397,2.56484,3795
/blk/s2,0,0,100,109.31,0.0756989,1518914,2.28249,3785
/blk/s2,0,0,100,110.323,0.0996552,840265,2.99293,3794
/blk/s2,0,0,100,111.337,0.0612907,1553323,1.85387,3784
/blk/s2,0,0,100,112.352,0.107761,895444,3.24201,3801
/blk/s2,0,0,100,113.366,0.0592346,1285710,1.77876,3788
/blk/s2,0,0,100,114.381,0.0951881,1221776,2.8715,3794
/blk/s2,0,0,100,115.394,0.0927887,647025,2.79145,3799
/blk/s2,0,0,100,116.409,0.0596085,1234944,1.79525,3792
/blk/s2,0,0,100,117.424,0.102055,1052784,3.06759,3796
/blk/s2,0,0,100,118.438,0.0832787,803738,2.50264,3800
/blk/s2,0,0,100,119.452,0.0687408,1178488,2.07205,3794
/blk/s2,0,0,100,120.468,0.100864,955118,3.03443,3799
/blk/s2,0,0,100,121.48,0.0791245,854130,2.37946,3792
/blk/s2,0,0,100,122.494,0.07341,1189306,2.21814,3793
/blk/s2,0,0,100,123.509,0.101765,825194,3.06149,3803
/blk/s2,0,0,100,124.523,0.0709457,981443,2.13797,3793
/blk/s2,0,0,100,125.538,0.0818024,1217387,2.46292,3817
/blk/s2,0,0,100,126.552,0.101044,698196,3.04252,3806
/blk/s2,0,0,100,127.566,0.0601692,1203553,1.81321,3786
/blk/s2,0,0,100,128.58,0.0922203,1279191,2.77808,3791
/blk/s2,0,0,100,129.593,0.0940628,702677,2.83152,3797
/blk/s2,0,0,100,130.608,0.0597458,1255221,1.79963,3792
/blk/s2,0,0,100,131.623,0.101631,1100221,3.06569,3799
/blk/s2,0,0,100,132.636,0.0819206,887469,2.47038,3794
/blk/s2,0,0,100,133.65,0.0717354,1300135,2.16312,3790
/blk/s2,0,0,100,134.666,0.102558,876600,3.08857,3801
/blk/s2,0,0,100,135.678,0.0674782,1145418,2.02827,3786
/blk/s2,0,0,100,136.693,0.0869904,1273036,2.61541,3791
/blk/s2,0,0,100,137.706,0.0997276,696489,2.99255,3800
/blk/s2,0,0,100,138.721,0.0553131,1426796,1.67113,3786
/blk/s2,0,0,100,139.736,0.1049,1043946,3.15582,3798
/blk/s2,0,0,100,140.75,0.073513,1034735,2.20562,3793
/blk/s2,0,0,100,141.764,0.0826302,1335338,2.49033,3789
/blk/s2,0,0,100,142.778,0.101192,684763,3.04498,3802
/blk/s2,0,0,100,143.793,0.0545731,1350053,1.64034,3789
/blk/s2,0,0,100,144.808,0.103828,1087381,3.12394,3796
/blk/s2,0,0,100,145.822,0.0760155,1024665,2.28245,3793
/blk/s2,0,0,100,146.836,0.0801773,1339791,2.41109,3790
/blk/s2,0,0,100,147.85,0.102867,694712,3.09592,3800
/blk/s2,0,0,100,148.864,0.0536232,1344885,1.62148,3787
/blk/s2,0,0,100,149.879,0.102234,1129865,3.07488,3796
/blk/s2,0,0,100,150.893,0.0813141,864880,2.44538,3798
/blk/s2,0,0,100,151.908,0.0744247,1337413,2.23751,3789
/blk/s2,0,0,100,152.923,0.103928,786279,3.13114,3829
/blk/s2,0,0,100,153.937,0.0571556,1334541,1.71864,3786
/blk/s2,0,0,100,154.952,0.098877,1210709,2.97701,3794
/blk/s2,0,0,100,155.965,0.0831871,917600,2.50441,3793
/blk/s2,0,0,100,156.98,0.0731621,1397004,2.20331,3787
/blk/s2,0,0,100,157.995,0.104221,793142,3.14127,3804
/blk/s2,0,0,100,159.009,0.0564079,1386815,1.6977,3784
/blk/s2,0,0,100,160.024,0.100243,1192858,3.0196,3794
/blk/s2,0,0,100,161.037,0.08144,958881,2.4565,3792
/blk/s2,0,0,100,162.051,0.0751534,1396839,2.26691,3789
/blk/s2,0,0,100,163.067,0.103443,770447,3.11779,3805
/blk/s2,0,0,100,164.081,0.0577698,1310264,1.73257,3785
/blk/s2,0,0,100,165.096,0.0972061,1210796,2.92936,3795
/blk/s2,0,0,100,166.109,0.0888939,743449,2.67272,3799
/blk/s2,0,0,100,167.124,0.0655022,1310303,1.97404,3790
/blk/s2,0,0,100,168.139,0.101891,934726,3.06603,3801
/blk/s2,0,0,100,169.153,0.072422,1022056,2.17487,3794
/blk/s2,0,0,100,170.168,0.0805931,1265448,2.43506,3792
/blk/s2,0,0,100,171.183,0.101936,714124,3.07134,3807
/blk/s2,0,0,100,172.196,0.0598488,1217802,1.80285,3784
/blk/s2,0,0,100,173.211,0.0940323,1240130,2.83298,3792
/blk/s2,0,0,100,174.225,0.0900459,727356,2.71062,3802
/blk/s2,0,0,100,175.239,0.0624313,1280976,1.88659,3790
/blk/s2,0,0,100,176.254,0.102695,995856,3.0868,3799
/blk/s2,0,0,100,177.268,0.0770607,931587,2.3185,3796
/blk/s2,0,0,100,178.283,0.0759392,1282742,2.28923,3790
/blk/s2,0,0,100,179.298,0.102524,782243,3.08354,3804
/blk/s2,0,0,100,180.312,0.0600166,1274829,1.80716,3789
/blk/s2,0,0,100,181.327,0.0947685,1256610,2.84839,3793
/blk/s2,0,0,100,182.34,0.0904007,764670,2.71882,3796
/blk/s2,0,0,100,183.355,0.0638351,1337823,1.92196,3790
/blk/s2,0,0,100,184.37,0.103138,985383,3.10503,3799
/blk/s2,0,0,100,185.384,0.0715103,1092644,2.15115,3792
/blk/s2,0,0,100,186.399,0.0827637,1349577,2.5047,3792
/blk/s2,0,0,100,187.413,0.10078,731113,3.02742,3801
/blk/s2,0,0,100,188.427,0.0540085,1356895,1.62986,3788
/blk/s2,0,0,100,189.442,0.103928,1101479,3.12358,3799
/blk/s2,0,0,100,190.455,0.077713,994571,2.34248,3793
/blk/s2,0,0,100,191.47,0.0775757,1330488,2.33146,3791
/blk/s2,0,0,100,192.485,0.102127,738168,3.08083,3807
/blk/s2,0,0,100,193.499,0.0596581,1238978,1.80276,3789
/blk/s2,0,0,100,194.514,0.0948486,1226524,2.86021,3794
/blk/s2,0,0,100,195.527,0.0860519,815240,2.59051,3823
/blk/s2,0,0,100,196.542,0.0683556,1316136,2.05394,3791
/blk/s2,0,0,100,197.557,0.102188,912543,3.08322,3801
/blk/s2,0,0,100,198.57,0.0681419,1067650,2.05812,3793
/blk/s2,0,0,100,199.585,0.0858612,1303890,2.5856,3792
/blk/s2,0,0,100,200.599,0.0970421,686731,2.9238,3801
/blk/s2,0,0,100,201.613,0.0561333,1306645,1.68882,3791
/blk/s2,0,0,100,202.628,0.101849,1100020,3.06551,3798
/blk/s2,0,0,100,203.642,0.081749,888736,2.45728,3798
/blk/s2,0,0,100,204.657,0.0726814,1345684,2.19506,3791
/blk/s2,0,0,100,205.672,0.102871,844235,3.09578,3803
/blk/s2,0,0,100,206.685,0.0612755,1256940,1.84285,3789
/blk/s2,0,0,100,207.7,0.0936852,1266473,2.82371,3794
/blk/s2,0,0,100,208.714,0.0895653,785778,2.69135,3801
/blk/s2,0,0,100,209.729,0.0652466,1380331,1.96212,3789
/blk/s2,0,1,100,1.01144,3.36284,0,3.29568,3857
/blk/s2,0,1,100,2.02282,3.37659,0,3.36839,3807
/blk/s2,0,1,100,3.03425,3.39685,0,3.38297,3809
/blk/s2,0,1,100,4.04549,3.4053,0,3.386,3807
/blk/s2,0,1,100,5.0569,3.41748,0,3.39197,3808
/blk/s2,0,1,100,6.06813,3.42245,0,3.39148,3808
/blk/s2,0,1,100,7.07941,3.4289,0,3.39143,3807
/blk/s2,0,1,100,8.09068,3.43489,0,3.39217,3795
/blk/s2,0,1,100,9.1019,3.44001,0,3.39196,3795
/blk/s2,0,1,100,10.1133,3.44218,0,3.38843,3785
/blk/s2,0,1,100,11.1244,3.44825,0,3.38858,3702
/blk/s2,0,1,100,12.1356,3.45673,0,3.39061,3755
/blk/s2,0,1,100,13.147,3.46791,0,3.39624,3808
/blk/s2,0,1,100,14.1583,3.4741,0,3.39678,3807
/blk/s2,0,1,100,15.1695,3.48303,0,3.39946,3808
/blk/s2,0,1,100,16.1808,3.48967,0,3.40003,3796
/blk/s2,0,1,100,17.192,3.4997,0,3.40355,3795
/blk/s2,0,1,100,18.2033,3.50746,0,3.40544,3782
/blk/s2,0,1,100,19.2145,3.51032,0,3.40205,3781
/blk/s2,0,1,100,20.2257,3.51063,0,3.39668,3791
/blk/s2,0,1,100,21.237,3.51207,0,3.39238,3792
/blk/s2,0,1,100,22.2483,3.51617,0,3.39007,3790
/blk/s2,0,1,100,23.2596,3.52174,0,3.38966,3794
/blk/s2,0,1,100,24.2709,3.52818,0,3.39074,3793
/blk/s2,0,1,100,25.2821,3.53864,0,3.39396,3792
/blk/s2,0,1,100,26.2933,3.54041,0,3.38997,3794
/blk/s2,0,1,100,27.3084,0.416195,0,0.398544,3879
/blk/s2,0,1,100,28.3233,0,0,0,3888
/blk/s2,0,1,100,29.3382,0,0,0,3886
/blk/s2,0,1,100,30.3531,0,0,0,3888
/blk/s2,0,1,100,31.3711,0.111557,1707885,0.106102,3816
/blk/s2,0,1,100,32.3889,2.03709,1018091,1.95014,3797
/blk/s2,0,1,100,33.3997,2.2625,847909,2.16536,3777
/blk/s2,0,1,100,34.4115,0.750343,1816997,0.718494,3800
/blk/s2,0,1,100,35.4268,1.79868,1133927,1.72258,3769
/blk/s2,0,1,100,36.4378,2.417,732962,2.31396,3726
/blk/s2,0,1,100,37.449,0.826366,1760663,0.790642,3789
/blk/s2,0,1,100,38.4642,1.5328,1308160,1.46818,3776
/blk/s2,0,1,100,39.4793,2.37476,769636,2.27335,3772
/blk/s2,0,1,100,40.4907,1.19024,1529871,1.13911,3765
/blk/s2,0,1,100,41.5059,1.17423,1542054,1.12455,3777
/blk/s2,0,1,100,42.5211,2.38524,770625,2.28276,3733
/blk/s2,0,1,100,43.5324,1.52311,1317884,1.45723,3751
/blk/s2,0,1,100,44.5475,0.848106,1752596,0.812759,3798
/blk/s2,0,1,100,45.5627,2.39251,764937,2.29087,3812
/blk/s2,0,1,100,46.5744,1.8193,1131428,1.74035,3806
/blk/s2,0,1,100,47.5856,0.764187,1812572,0.731297,3811
/blk/s2,0,1,100,48.601,2.1494,917310,2.05842,3816
/blk/s2,0,1,100,49.6124,2.14452,921590,2.05256,3799
/blk/s2,0,1,100,50.6237,0.820011,1763007,0.784462,3807
/blk/s2,0,1,100,51.6389,1.74125,1176798,1.66836,3818
/blk/s2,0,1,100,52.6541,2.34789,799290,2.24885,3810
/blk/s2,0,1,100,53.6655,1.05116,1627446,1.00584,3808
/blk/s2,0,1,100,54.6809,1.28651,1470530,1.23135,3821
/blk/s2,0,1,100,55.6963,2.36179,791809,2.26133,3811
/blk/s2,0,1,100,56.7077,1.4646,1363748,1.40125,3805
/blk/s2,0,1,100,57.7229,0.897202,1732648,0.859612,3823
/blk/s2,0,1,100,58.7381,2.3613,784676,2.26204,3807
/blk/s2,0,1,100,59.7497,1.8502,1111326,1.77057,3804
/blk/s2,0,1,100,60.7611,0.790699,1801372,0.756649,3811
/blk/s2,0,1,100,61.7763,2.04562,985212,1.95951,3815
/blk/s2,0,1,100,62.788,2.26611,845414,2.16776,3799
/blk/s2,0,1,100,63.7993,0.801384,1795155,0.767265,3812
/blk/s2,0,1,100,64.8147,1.62647,1265331,1.55624,3819
/blk/s2,0,1,100,65.8302,2.32056,818228,2.22232,3814
/blk/s2,0,1,100,66.8418,1.26288,1494109,1.20868,3807
/blk/s2,0,1,100,67.857,1.04552,1649883,1.00111,3822
/blk/s2,0,1,100,68.8723,2.32029,820045,2.22163,3814
/blk/s2,0,1,100,69.8838,1.82967,1138870,1.75193,3806
/blk/s2,0,1,100,70.8952,0.851715,1777536,0.815182,3807
/blk/s2,0,1,100,71.9104,1.91795,1084286,1.83596,3817
/blk/s2,0,1,100,72.9257,2.30894,833580,2.21074,3812
/blk/s2,0,1,100,73.9371,1.0126,1670671,0.969334,3807
/blk/s2,0,1,100,74.9523,1.2959,1487457,1.24185,3810
/blk/s2,0,1,100,75.9675,2.29,841504,2.1922,3809
/blk/s2,0,1,100,76.9789,1.61977,1275322,1.55057,3801
/blk/s2,0,1,100,77.9905,0.840691,1793224,0.804546,3794
/blk/s2,0,1,100,79.0058,2.16169,922699,2.06984,3807
/blk/s2,0,1,100,80.0176,2.24326,876863,2.14693,3795
/blk/s2,0,1,100,81.0289,0.825974,1801181,0.790813,3798
/blk/s2,0,1,100,82.0442,1.52894,1342512,1.46359,3808
/blk/s2,0,1,100,83.0595,2.28024,859218,2.18282,3807
/blk/s2,0,1,100,84.0708,1.4702,1383203,1.4075,3797
/blk/s2,0,1,100,85.0823,0.840183,1801486,0.803989,3795
/blk/s2,0,1,100,86.0975,2.26936,855436,2.17337,3806
/blk/s2,0,1,100,87.1126,1.41095,453288,1.35046,3841
/blk/s2,0,1,100,88.1276,0.0637131,10911,0.06073,3885
/blk/s2,0,1,100,89.1449,0.203289,99810,0.195068,3889
/blk/s2,0,1,100,90.2261,0.241741,206879,0.230686,4127
/blk/s2,0,1,100,91.2377,0.397579,1497157,0.38023,3818
/blk/s2,0,1,100,92.2528,1.2603,1559735,1.20655,3815
/blk/s2,0,1,100,93.2681,2.33691,796234,2.23709,3807
/blk/s2,0,1,100,94.2794,1.6385,1234699,1.56824,3807
/blk/s2,0,1,100,95.293,0.771175,1792828,0.738132,3818
/blk/s2,0,1,100,96.3083,2.3446,777378,2.24532,3814
/blk/s2,0,1,100,97.3198,1.97832,1018534,1.89342,3803
/blk/s2,0,1,100,98.331,0.771526,1790416,0.73867,3811
/blk/s2,0,1,100,99.3462,1.95391,1030850,1.871,3789
/blk/s2,0,1,100,100.358,2.36767,774157,2.26675,3786
/blk/s2,0,1,100,101.37,0.793629,1782537,0.759285,3764
/blk/s2,0,1,100,102.385,1.58015,1278930,1.51316,3785
/blk/s2,0,1,100,103.4,2.3875,767578,2.28497,3801
/blk/s2,0,1,100,104.412,1.1439,1559022,1.09493,3802
/blk/s2,0,1,100,105.427,1.20617,1519176,1.15434,3811
/blk/s2,0,1,100,106.442,2.34299,793976,2.24266,3719
/blk/s2,0,1,100,107.453,1.55998,1292189,1.49366,3708
/blk/s2,0,1,100,108.469,0.811832,1784822,0.777477,3786
/blk/s2,0,1,100,109.484,2.35143,789825,2.25141,3806
/blk/s2,0,1,100,110.495,2.0089,1014247,1.9224,3795
/blk/s2,0,1,100,111.507,0.869125,1786018,0.832439,3751
/blk/s2,0,1,100,112.522,1.72645,1249148,1.65322,3780
/blk/s2,0,1,100,113.537,2.25587,856868,2.16006,3792
/blk/s2,0,1,100,114.549,1.30322,1475239,1.24674,3762
/blk/s2,0,1,100,115.564,1.02606,1655309,0.982544,3766
/blk/s2,0,1,100,116.579,2.318,820874,2.21847,3809
/blk/s2,0,1,100,117.591,1.86713,1112127,1.78748,3795
/blk/s2,0,1,100,118.602,0.832859,1789245,0.797329,3750
/blk/s2,0,1,100,119.617,1.93532,1065929,1.854,3786
/blk/s2,0,1,100,120.632,2.31583,819441,2.21669,3798
/blk/s2,0,1,100,121.644,0.976601,1699399,0.934715,3767
/blk/s2,0,1,100,122.659,1.32327,1468528,1.2679,3783
/blk/s2,0,1,100,123.674,2.33041,814113,2.23068,3798
/blk/s2,0,1,100,124.686,1.5625,1318008,1.49473,3776
/blk/s2,0,1,100,125.697,0.84573,1790891,0.80965,3760
/blk/s2,0,1,100,126.713,2.18422,919769,2.09118,3796
/blk/s2,0,1,100,127.724,2.20863,888518,2.11471,3783
/blk/s2,0,1,100,128.736,0.849819,1774321,0.814129,3763
/blk/s2,0,1,100,129.751,1.53473,1346147,1.47081,3785
/blk/s2,0,1,100,130.766,2.27006,848485,2.17329,3798
/blk/s2,0,1,100,131.777,1.46332,1386866,1.40105,3774
/blk/s2,0,1,100,132.789,0.87812,1779039,0.840076,3758
/blk/s2,0,1,100,133.804,2.23318,888971,2.13855,3793
/blk/s2,0,1,100,134.815,2.22938,876745,2.13402,3781
/blk/s2,0,1,100,135.827,0.860439,1788265,0.824421,3817
/blk/s2,0,1,100,136.842,1.43713,1413395,1.37587,3785
/blk/s2,0,1,100,137.858,2.25946,890930,2.16353,3796
/blk/s2,0,1,100,138.869,1.67517,1243497,1.60359,3777
/blk/s2,0,1,100,139.88,0.904518,1772316,0.866585,3760
/blk/s2,0,1,100,140.895,1.89861,1119532,1.81756,3790
/blk/s2,0,1,100,141.91,2.26508,870392,2.16723,3794
/blk/s2,0,1,100,142.922,1.19461,1578013,1.14314,3806
/blk/s2,0,1,100,143.937,1.07656,1663986,1.03125,3816
/blk/s2,0,1,100,144.952,2.1445,951948,2.05366,3812
/blk/s2,0,1,100,146.066,1.5856,653790,1.51693,4203
/blk/s2,0,1,100,147.081,0.357639,250252,0.342537,3821
/blk/s2,0,1,100,148.203,0.487247,397985,0.466206,4220
/blk/s2,0,1,100,149.251,0.489723,403595,0.467903,3942
/blk/s2,0,1,100,150.266,0.483356,669042,0.46294,3853
/blk/s2,0,1,100,151.281,1.05796,1910206,1.01293,3808
/blk/s2,0,1,100,152.296,1.74314,1259984,1.66988,3802
/blk/s2,0,1,100,153.312,2.55983,652285,2.45046,3799
/blk/s2,0,1,100,154.323,0.913971,1716661,0.874783,3808
/blk/s2,0,1,100,155.339,1.87777,1085037,1.79884,3808
/blk/s2,0,1,100,156.354,2.29706,833275,2.19971,3807
/blk/s2,0,1,100,157.365,1.08583,1635734,1.04318,3811
/blk/s2,0,1,100,158.381,1.2079,1515897,1.15672,3822
/blk/s2,0,1,100,159.396,2.31818,816737,2.21886,3813
/blk/s2,0,1,100,160.407,1.6888,1231791,1.61644,3801
/blk/s2,0,1,100,161.419,0.828098,1775674,0.792763,3810
/blk/s2,0,1,100,162.434,2.27229,830172,2.17609,3809
/blk/s2,0,1,100,163.446,2.11465,951725,2.02384,3794
/blk/s2,0,1,100,164.458,0.834232,1767501,0.798168,3799
/blk/s2,0,1,100,165.473,1.69085,1207308,1.61888,3810
/blk/s2,0,1,100,166.488,2.2893,843937,2.19167,3806
/blk/s2,0,1,100,167.5,1.23535,1519034,1.18224,3797
/blk/s2,0,1,100,168.515,1.11418,1608064,1.06583,3810
/blk/s2,0,1,100,169.53,2.30287,818059,2.20505,3808
/blk/s2,0,1,100,170.542,1.89238,1133607,1.81068,3793
/blk/s2,0,1,100,171.553,0.826923,1788571,0.791725,3799
/blk/s2,0,1,100,172.568,1.85823,1108205,1.77937,3807
/blk/s2,0,1,100,173.584,2.2249,934319,2.12997,3804
/blk/s2,0,1,100,174.595,1.28684,1498163,1.23216,3799
/blk/s2,0,1,100,175.61,0.992691,1698026,0.950146,3811
/blk/s2,0,1,100,176.625,2.30093,824876,2.20239,3823
/blk/s2,0,1,100,177.637,1.99263,1044118,1.90736,3794
/blk/s2,0,1,100,178.649,0.919422,1721668,0.88073,3805
/blk/s2,0,1,100,179.664,1.61168,1297981,1.54301,3817
/blk/s2,0,1,100,180.679,2.26623,847505,2.16972,3810
/blk/s2,0,1,100,181.691,1.4575,1402643,1.39482,3803
/blk/s2,0,1,100,182.702,0.930317,1727449,0.889576,3755
/blk/s2,0,1,100,183.718,2.11549,965565,2.02542,3795
/blk/s2,0,1,100,184.733,2.22368,884570,2.12974,3802
/blk/s2,0,1,100,185.744,1.02102,1675923,0.977394,3809
/blk/s2,0,1,100,186.76,1.26034,1552505,1.20699,3775
/blk/s2,0,1,100,187.775,2.24464,872797,2.14787,3798
/blk/s2,0,1,100,188.787,1.90176,1119558,1.81929,3779
/blk/s2,0,1,100,189.798,0.911221,1765940,0.872387,3760
/blk/s2,0,1,100,190.813,1.6564,1286819,1.58724,3782
/blk/s2,0,1,100,191.829,2.24852,867482,2.1526,3794
/blk/s2,0,1,100,192.839,1.52642,1368252,1.46023,3763
/blk/s2,0,1,100,193.851,0.925076,1768831,0.88623,3755
/blk/s2,0,1,100,194.866,1.98003,1090174,1.89585,3787
/blk/s2,0,1,100,195.882,2.20501,903185,2.11172,3798
/blk/s2,0,1,100,196.893,1.25331,1575345,1.19867,3768
/blk/s2,0,1,100,197.908,0.98378,1744369,0.942059,3770
/blk/s2,0,1,100,198.923,2.19597,908539,2.10178,3793
/blk/s2,0,1,100,199.938,2.18779,965955,2.09375,3789
/blk/s2,0,1,100,200.95,1.10369,1661609,1.05545,3797
/blk/s2,0,1,100,201.965,1.09803,1680990,1.05136,3819
/blk/s2,0,1,100,202.981,2.18936,1251904,2.09584,3795
/blk/s2,0,1,100,203.995,1.82783,483090,1.74872,3820
/blk/s2,0,1,100,205.006,0.609524,587445,0.582901,3840
/blk/s2,0,1,100,206.121,0.591133,564661,0.564423,4243
/blk/s2,0,1,100,207.133,0.646931,494410,0.618931,3847
/blk/s2,0,1,100,208.154,0.693581,612042,0.664658,3876
/blk/s2,0,1,100,209.169,0.634151,933553,0.606602,3847
/blk/s2,0,2,100,1.01165,0.202553,0,6.37004,3888
/blk/s2,0,2,100,2.02367,0.201706,0,6.40802,3835
/blk/s2,0,2,100,3.03537,0.201836,0,6.38648,3840
/blk/s2,0,2,100,4.0475,0.203766,0,6.41624,3835
/blk/s2,0,2,100,5.05893,0.204983,0,6.4127,3829
/blk/s2,0,2,100,6.07232,0.206085,0,6.42554,3833
/blk/s2,0,2,100,7.08453,0.206985,0,6.42541,3829
/blk/s2,0,2,100,8.09507,0.207657,0,6.41238,3825
/blk/s2,0,2,100,9.10546,0.208508,0,6.41239,3821
/blk/s2,0,2,100,10.116,0.209446,0,6.41593,3823
/blk/s2,0,2,100,11.1264,0.211174,0,6.42276,3821
/blk/s2,0,2,100,12.1369,0.211658,0,6.42788,3830
/blk/s2,0,2,100,13.1487,0.212925,0,6.43049,3831
/blk/s2,0,2,100,14.1602,0.213551,0,6.40094,3826
/blk/s2,0,2,100,15.1737,0.214828,1250,6.42276,3826
/blk/s2,0,2,100,16.1887,0.0910263,1926167,2.71812,3780
/blk/s2,0,2,100,17.2037,0.0794067,2127877,2.36016,3795
/blk/s2,0,2,100,18.2188,0.079586,2131403,2.37353,3817
/blk/s2,0,2,100,19.2338,0.0801773,2113232,2.38543,3798
/blk/s2,0,2,100,20.2489,0.0808067,2115639,2.4099,3800
/blk/s2,0,2,100,21.2639,0.0796967,2128589,2.37473,3781
/blk/s2,0,2,100,22.2789,0.0788689,2148351,2.35582,3780
/blk/s2,0,2,100,23.2932,0.080574,2125398,2.39369,3777
/blk/s2,0,2,100,24.3063,0.0940361,1889609,2.79857,3779
/blk/s2,0,2,100,25.3184,0.0960999,1867799,2.86131,3829
/blk/s2,0,2,100,26.3311,0.0951118,1870654,2.83414,3835
/blk/s2,0,2,100,27.3443,0.0944061,1889579,2.81335,3834
/blk/s2,0,2,100,28.358,0.0955391,1868800,2.84787,3828
/blk/s2,0,2,100,29.3729,0.0834885,2069534,2.48358,3782
/blk/s2,0,2,100,30.3878,0.0802155,2109388,2.38831,3780
/blk/s2,0,2,100,31.4028,0.0794563,2120665,2.36551,3780
/blk/s2,0,2,100,32.4177,0.0785408,2142325,2.34562,3779
/blk/s2,0,2,100,33.4326,0.0798645,2124664,2.37531,3780
/blk/s2,0,2,100,34.4476,0.0780716,2151259,2.33055,3778
/blk/s2,0,2,100,35.4614,0.0805016,2123244,2.40438,3822
/blk/s2,0,2,100,36.475,0.095932,1863193,2.85543,3835
/blk/s2,0,2,100,37.4861,0.0965042,1853601,2.8785,3763
/blk/s2,0,2,100,38.4981,0.0982628,1837622,2.93227,3767
/blk/s2,0,2,100,39.5116,0.0989838,1838666,2.94946,3774
/blk/s2,0,2,100,40.5266,0.0791817,2126609,2.36477,3771
/blk/s2,0,2,100,41.5415,0.0800285,2115421,2.3923,3769
/blk/s2,0,2,100,42.5565,0.0780258,2151533,2.32815,3770
/blk/s2,0,2,100,43.5714,0.0778122,2167390,2.32196,3770
/blk/s2,0,2,100,44.5864,0.0785751,2142063,2.34295,3769
/blk/s2,0,2,100,45.6014,0.077755,2154334,2.32066,3770
/blk/s2,0,2,100,46.615,0.0941544,1909919,2.80937,3770
/blk/s2,0,2,100,47.6282,0.0987625,1829870,2.95178,3772
/blk/s2,0,2,100,48.6397,0.0984993,1840001,2.93433,3765
/blk/s2,0,2,100,49.6533,0.098011,1836948,2.92176,3773
/blk/s2,0,2,100,50.6681,0.0779305,2153928,2.32327,3769
/blk/s2,0,2,100,51.6831,0.0794182,2122138,2.36674,3769
/blk/s2,0,2,100,52.698,0.0788727,2123659,2.35439,3770
/blk/s2,0,2,100,53.713,0.07967,2119884,2.38218,3769
/blk/s2,0,2,100,54.7282,0.078598,2129139,2.35449,3771
/blk/s2,0,2,100,55.7431,0.0789566,2139270,2.35355,3769
/blk/s2,0,2,100,56.7566,0.0878372,1994457,2.61952,3767
/blk/s2,0,2,100,57.7695,0.0966187,1842754,2.87996,3769
/blk/s2,0,2,100,58.7827,0.0954361,1865045,2.85024,3769
/blk/s2,0,2,100,59.7964,0.09692,1838508,2.88866,3770
/blk/s2,0,2,100,60.8088,0.0980453,1835371,2.9256,3768
/blk/s2,0,2,100,61.8238,0.0793304,2127762,2.36948,3770
/blk/s2,0,2,100,62.8386,0.0791588,2139023,2.3625,3769
/blk/s2,0,2,100,63.8535,0.0775032,2162692,2.30667,3769
/blk/s2,0,2,100,64.8684,0.0774155,2156661,2.31192,3768
/blk/s2,0,2,100,65.8832,0.0773926,2157804,2.31642,3769
/blk/s2,0,2,100,66.8962,0.0849724,2041307,2.53642,3765
/blk/s2,0,2,100,67.9092,0.0972862,1833382,2.90107,3766
/blk/s2,0,2,100,68.9213,0.0962677,1844885,2.88014,3765
/blk/s2,0,2,100,69.9339,0.0976257,1843335,2.89971,3767
/blk/s2,0,2,100,70.9489,0.0926361,1940397,2.7598,3777
/blk/s2,0,2,100,71.9638,0.0773773,2172710,2.31265,3769
/blk/s2,0,2,100,72.9787,0.0778046,2163391,2.32647,3768
/blk/s2,0,2,100,73.9936,0.0774612,2163944,2.31232,3768
/blk/s2,0,2,100,75.0084,0.0782661,2155621,2.33813,3769
/blk/s2,0,2,100,76.0232,0.0787277,2165108,2.35261,3770
/blk/s2,0,2,100,77.0371,0.096817,1835876,2.8988,3771
/blk/s2,0,2,100,78.0497,0.0980034,1825619,2.91912,3768
/blk/s2,0,2,100,79.0633,0.0977707,1832296,2.91926,3771
/blk/s2,0,2,100,80.0774,0.0981865,1838709,2.92703,3773
/blk/s2,0,2,100,81.0926,0.0775681,2174527,2.31884,3770
/blk/s2,0,2,100,82.1078,0.0779762,2160132,2.32177,3768
/blk/s2,0,2,100,83.123,0.0777168,2169203,2.32196,3770
/blk/s2,0,2,100,84.1382,0.0773735,2184609,2.29985,3770
/blk/s2,0,2,100,85.1532,0.0773926,2172053,2.30168,3769
/blk/s2,0,2,100,86.1655,0.0954857,1873822,2.84668,3809
/blk/s2,0,2,100,87.1781,0.0970535,1838669,2.89787,3823
/blk/s2,0,2,100,88.1901,0.0962601,1844719,2.86679,3818
/blk/s2,0,2,100,89.2026,0.0996399,1811579,2.97471,3816
/blk/s2,0,2,100,90.2175,0.0798721,2113697,2.38359,3818
/blk/s2,0,2,100,91.2324,0.0788078,2128140,2.3567,3825
/blk/s2,0,2,100,92.2473,0.0783043,2152949,2.34091,3827
/blk/s2,0,2,100,93.2623,0.0784073,2139186,2.34344,3794
/blk/s2,0,2,100,94.2772,0.0757103,2194617,2.26241,3767
/blk/s2,0,2,100,95.2875,0.0873413,1995477,2.61207,3757
/blk/s2,0,2,100,96.2991,0.0998268,1801837,2.96895,3765
/blk/s2,0,2,100,97.31,0.0970039,1819293,2.89382,3761
/blk/s2,0,2,100,98.3235,0.100025,1805740,2.98703,3772
/blk/s2,0,2,100,99.3384,0.0796165,2132471,2.37362,3770
/blk/s2,0,2,100,100.353,0.0776711,2151559,2.32191,3768
/blk/s2,0,2,100,101.368,0.0772171,2172655,2.30068,3768
/blk/s2,0,2,100,102.383,0.0778542,2151618,2.32043,3770
/blk/s2,0,2,100,103.398,0.0756912,2184767,2.25795,3767
/blk/s2,0,2,100,104.41,0.0995865,1824875,2.97203,3765
/blk/s2,0,2,100,105.423,0.100224,1802737,2.99218,3772
/blk/s2,0,2,100,106.435,0.0980072,1818385,2.92558,3766
/blk/s2,0,2,100,107.45,0.0880928,1981456,2.62878,3773
/blk/s2,0,2,100,108.465,0.0772057,2162170,2.30369,3768
/blk/s2,0,2,100,109.48,0.0769691,2174858,2.29818,3769
/blk/s2,0,2,100,110.495,0.0770721,2152795,2.30152,3769
/blk/s2,0,2,100,111.51,0.0766907,2180588,2.29479,3769
/blk/s2,0,2,100,112.522,0.0894432,1966837,2.6745,3763
/blk/s2,0,2,100,113.536,0.0999298,1815658,2.98766,3774
/blk/s2,0,2,100,114.55,0.0968323,1830688,2.9011,3770
/blk/s2,0,2,100,115.563,0.0989685,1813541,2.95779,3773
/blk/s2,0,2,100,116.578,0.0797234,2125323,2.38288,3769
/blk/s2,0,2,100,117.593,0.076725,2168461,2.29487,3769
/blk/s2,0,2,100,118.608,0.0781708,2138665,2.33358,3769
/blk/s2,0,2,100,119.623,0.0787811,2119549,2.36185,3768
/blk/s2,0,2,100,120.638,0.0773582,2163787,2.31102,3812
/blk/s2,0,2,100,121.651,0.0883064,1964928,2.63711,3820
/blk/s2,0,2,100,122.663,0.0975037,1815897,2.91135,3813
/blk/s2,0,2,100,123.673,0.0999374,1803292,2.98539,3810
/blk/s2,0,2,100,124.686,0.100342,1797459,3.00335,3825
/blk/s2,0,2,100,125.701,0.0776825,2171174,2.32261,3828
/blk/s2,0,2,100,126.716,0.0767097,2179169,2.29597,3833
/blk/s2,0,2,100,127.731,0.0769196,2175540,2.2927,3836
/blk/s2,0,2,100,128.746,0.0766602,2173309,2.29047,3798
/blk/s2,0,2,100,129.761,0.0787582,2133121,2.3504,3777
/blk/s2,0,2,100,130.772,0.0966148,1818993,2.89523,3823
/blk/s2,0,2,100,131.784,0.0995445,1792821,2.97424,3829
/blk/s2,0,2,100,132.798,0.0996475,1795537,2.97689,3833
/blk/s2,0,2,100,133.812,0.0897865,1939005,2.68815,3826
/blk/s2,0,2,100,134.827,0.07658,2154701,2.28616,3822
/blk/s2,0,2,100,135.842,0.0779114,2141568,2.33001,3834
/blk/s2,0,2,100,136.857,0.0789413,2119396,2.36778,3835
/blk/s2,0,2,100,137.872,0.0769348,2149018,2.29723,3831
/blk/s2,0,2,100,138.886,0.0786781,2123060,2.35983,3836
/blk/s2,0,2,100,139.9,0.0976868,1813537,2.91664,3838
/blk/s2,0,2,100,140.912,0.0999756,1799497,2.98257,3829
/blk/s2,0,2,100,141.925,0.0995293,1795886,2.97365,3835
/blk/s2,0,2,100,142.94,0.0872688,1993241,2.60349,3838
/blk/s2,0,2,100,143.953,0.0765457,2173003,2.29365,3826
/blk/s2,0,2,100,144.968,0.0767479,2170187,2.29308,3810
/blk/s2,0,2,100,145.983,0.0762749,2172150,2.28456,3780
/blk/s2,0,2,100,146.998,0.0769501,2162367,2.29146,3779
/blk/s2,0,2,100,148.01,0.0930977,1899915,2.78301,3825
/blk/s2,0,2,100,149.022,0.0989151,1789858,2.95787,3827
/blk/s2,0,2,100,150.036,0.100636,1787667,2.9982,3782
/blk/s2,0,2,100,151.051,0.0914268,1921765,2.73324,3784
/blk/s2,0,2,100,152.066,0.0766563,2166889,2.28924,3779
/blk/s2,0,2,100,153.08,0.0768166,2167861,2.28944,3775
/blk/s2,0,2,100,154.095,0.0772591,2157166,2.31051,3769
/blk/s2,0,2,100,155.11,0.0764542,2156621,2.28794,3802
/blk/s2,0,2,100,156.127,0.0872154,2016295,2.61495,3803
/blk/s2,0,2,100,157.144,0.0979347,1814911,2.92127,3795
/blk/s2,0,2,100,158.161,0.097599,1815983,2.91757,3794
/blk/s2,0,2,100,159.178,0.0985413,1814694,2.94558,3796
/blk/s2,0,2,100,160.196,0.0844955,2035321,2.52402,3791
/blk/s2,0,2,100,161.213,0.0774269,2157129,2.31487,3790
/blk/s2,0,2,100,162.23,0.0778046,2137389,2.31984,3789
/blk/s2,0,2,100,163.248,0.0775757,2152383,2.32458,3791
/blk/s2,0,2,100,164.265,0.0775604,2148098,2.31987,3789
/blk/s2,0,2,100,165.282,0.0838089,2047663,2.50245,3792
/blk/s2,0,2,100,166.299,0.0987129,1817317,2.94106,3795
/blk/s2,0,2,100,167.316,0.0988045,1806239,2.95196,3796
/blk/s2,0,2,100,168.333,0.0982323,1813720,2.93957,3794
/blk/s2,0,2,100,169.351,0.085537,2011969,2.5548,3793
/blk/s2,0,2,100,170.368,0.0777855,2153270,2.32779,3790
/blk/s2,0,2,100,171.385,0.0771065,2162992,2.30728,3790
/blk/s2,0,2,100,172.403,0.0764503,2173171,2.28508,3790
/blk/s2,0,2,100,173.42,0.0768166,2177926,2.28765,3789
/blk/s2,0,2,100,174.437,0.0921135,1924376,2.7516,3794
/blk/s2,0,2,100,175.448,0.0988045,1783424,2.95488,3771
/blk/s2,0,2,100,176.461,0.0986519,1797340,2.94042,3783
/blk/s2,0,2,100,177.476,0.0940399,1864191,2.82066,3834
/blk/s2,0,2,100,178.491,0.0763168,2160601,2.28368,3832
/blk/s2,0,2,100,179.506,0.0753937,2170319,2.25603,3829
/blk/s2,0,2,100,180.521,0.07658,2161922,2.28681,3832
/blk/s2,0,2,100,181.535,0.0766487,2169903,2.28723,3831
/blk/s2,0,2,100,182.547,0.0897408,1936973,2.67787,3827
/blk/s2,0,2,100,183.564,0.0995789,1806171,2.97971,3846
/blk/s2,0,2,100,184.581,0.100185,1784912,3.00134,3787
/blk/s2,0,2,100,185.596,0.0928421,1877387,2.77904,3793
/blk/s2,0,2,100,186.611,0.0771561,2140664,2.30776,3836
/blk/s2,0,2,100,187.626,0.0774994,2133708,2.31003,3839
/blk/s2,0,2,100,188.641,0.0774155,2146118,2.31943,3837
/blk/s2,0,2,100,189.656,0.0773163,2146615,2.31046,3833
/blk/s2,0,2,100,190.67,0.0771866,2135139,2.31606,3838
/blk/s2,0,2,100,191.684,0.0961838,1830174,2.88264,3837
/blk/s2,0,2,100,192.698,0.0959969,1821485,2.87543,3834
/blk/s2,0,2,100,193.711,0.0971985,1810854,2.90373,3837
/blk/s2,0,2,100,194.724,0.0975151,1806971,2.91579,3836
/blk/s2,0,2,100,195.739,0.0788841,2089652,2.35645,3837
/blk/s2,0,2,100,196.754,0.0775642,2138280,2.31368,3837
/blk/s2,0,2,100,197.769,0.0770226,2136463,2.30727,3836
/blk/s2,0,2,100,198.783,0.0775871,2134197,2.31758,3835
/blk/s2,0,2,100,199.798,0.0772667,2143840,2.30838,3836
/blk/s2,0,2,100,200.812,0.086647,1986731,2.5899,3832
/blk/s2,0,2,100,201.825,0.0978584,1805434,2.92405,3837
/blk/s2,0,2,100,202.837,0.0969696,1805801,2.9015,3827
/blk/s2,0,2,100,203.851,0.0980453,1800046,2.92697,3781
/blk/s2,0,2,100,204.866,0.0843277,2021714,2.52461,3780
/blk/s2,0,2,100,205.881,0.0775948,2145707,2.31316,3780
/blk/s2,0,2,100,206.896,0.0784416,2115508,2.34504,3778
/blk/s2,0,2,100,207.911,0.0762444,2160049,2.27589,3776
/blk/s2,0,2,100,208.926,0.077713,2125713,2.3207,3778
/blk/s2,0,2,100,209.94,0.0831718,2036672,2.4852,3775
